"date";age_10;age_15;age_20;age_25;age_30;age_35;age_40;age_45;age_50;age_55;age_60;age_65;age_70;male;female;bc_100000003275;bc_100000003282;bc_100000003299;bc_100000003305;bc_100000003312;bc_100000003329;bc_100000003336;bc_100000003343;bc_100000003350;bc_100000003367;bc_100000003374;bc_100000003381;bc_100000003398;bc_100000003404;bc_100000003411;bc_100000003428;bc_100000003435;bc_100000003459;bc_100000003466;bc_100000003473;bc_100000003480;bc_100000003497;bc_100000003503;bc_100000003510;bc_100000003527;bc_100000003534;bc_100000003541;bc_100000003558;bc_100000003565;bc_100000003572;bc_100000003589;bc_100000003596;bc_100000003602;bc_100000003619;bc_100000003626;bc_100000003633;bc_100000003640;bc_100000003664;bc_100000003671;bc_100000003725;bc_100000003732;bc_100000003756;bc_100000003763;bc_100000003770;bc_100000003787;bc_100000003800;bc_100000003817;bc_100000003824;bc_100000003862;bc_100000003978;bc_100000003985;bc_100000003992;bc_100000004005;bc_100000004012;bc_100000004029;bc_100000004050;bc_100000004067;bc_100000004074;bc_100000004081;bc_100000004098;bc_100000004104;bc_100000004111;bc_100000004128;bc_100000004135;bc_100000004142;bc_100000004159;bc_100000004166;bc_100000004173;bc_100000004180;bc_100000004197;bc_100000004203;bc_100000004210;bc_100000004227;bc_100000004234;bc_100000004258;bc_100000004265;bc_100000004272;bc_100000004289;bc_100000004296;bc_100000004302;bc_100000004319;bc_100000004326;bc_100000004333;bc_100000004340;bc_100000004357;bc_100000004364;bc_100000004371;bc_100000004388;bc_100000004395;bc_100000004401;bc_100000004425;bc_100000004432;bc_100000004449;bc_100000004456;bc_100000004470;bc_100000004487;bc_100000004494;bc_100000004616;bc_100000004623;bc_100000004630;bc_100000004647;bc_100000004654;bc_100000004661;bc_100000004678;bc_100000004685;bc_100000004692;bc_100000004708;bc_100000004715;bc_100000004722;bc_100000004739;bc_100000004753;bc_100000004760;bc_100000004777;bc_100000004784;bc_100000004791;bc_100000004807;bc_100000004814;bc_100000004821;bc_100000004838;bc_100000004845;bc_100000004869;bc_100000004876;bc_100000004883;bc_100000004890;bc_100000004906;bc_100000004913;bc_100000004937;bc_100000004944;bc_100000004951;bc_100000004968;bc_100000004975;bc_100000004982;bc_100000004999;bc_100000005002;bc_100000005019;bc_100000005026;bc_100000005040;bc_100000005057;bc_100000005064;bc_100000005071;bc_100000005095;bc_100000005101;bc_100000005118;bc_100000005125;bc_100000005132;bc_100000005149;bc_100000005156;bc_100000005163;bc_100000005170;bc_100000005187;bc_100000005194;bc_100000005200;bc_100000005248;bc_100000005323;bc_100000005347;bc_100000005354;bc_100000005361;bc_100000005378;bc_100000005385;bc_100000005392;bc_100000005415;bc_100000005422;bc_100000005446;bc_100000005453;bc_100000005460;bc_100000005477;bc_100000005514;bc_1235;bc_1236;bc_1238;bc_1239;bc_1240;bc_1241;bc_1243;bc_1244;bc_1245;bc_1246;bc_1247;bc_1248;bc_1249;bc_1254;bc_1260
"2018-09-21";2;2;6;9;8;7;7;1;2;0;0;0;0;15;29;7;6;3;4;2;0;1;0;1;0;1;0;0;0;1;2;2;1;4;1;3;0;3;1;0;0;1;4;3;3;1;4;2;0;5;0;0;9;11;0;2;0;0;0;0;1;0;0;0;0;1;1;0;0;0;2;0;0;0;0;0;0;1;0;0;1;0;1;0;0;0;0;0;0;0;0;0;0;0;0;0;0;0;0;0;2;0;0;5;0;16;9;0;0;1;0;0;0;0;1;0;0;0;0;1;1;1;1;0;0;0;0;0;0;0;0;0;0;0;0;0;0;0;0;0;0;0;0;0;0;0;0;0;0;0;0;0;0;0;0;0;0;0;0;0;0;0;0;0;0;0;0;0;0;0;0;0;0;0;0;0;0;0;0;0;0;0;0;0;0;0;1;0;0;0;0;0;0;1;0;1;7
"2018-09-22";9;2;12;23;25;18;6;1;3;3;0;0;0;41;61;7;8;4;3;1;1;0;0;1;0;2;2;1;0;2;1;2;4;1;0;4;2;4;4;0;0;4;9;0;0;5;10;5;3;0;0;0;7;3;0;0;0;0;0;0;0;0;0;0;0;0;0;0;0;0;0;0;0;0;0;0;0;0;0;0;0;0;0;0;0;1;0;0;0;0;0;0;0;0;0;0;0;0;0;1;0;0;0;0;0;4;5;0;0;0;0;0;0;0;0;0;0;0;0;0;0;0;0;0;0;0;0;0;0;0;0;0;0;0;0;0;0;0;0;0;0;0;0;0;0;0;0;0;0;0;0;0;0;0;0;0;0;0;0;0;0;0;0;0;0;0;0;0;0;0;0;0;0;0;0;0;0;0;0;0;0;0;0;0;0;0;1;0;5;0;0;0;0;2;0;0;3
"2018-09-24";4;2;6;8;14;18;24;8;5;1;0;0;0;24;66;10;9;2;2;3;4;2;3;1;1;0;0;0;0;2;1;0;1;1;5;0;6;0;1;0;0;1;14;2;5;2;13;4;0;0;1;0;8;14;0;0;0;0;0;0;0;0;0;0;0;0;0;0;0;0;1;0;0;0;0;0;0;0;0;1;0;0;2;0;0;0;1;0;0;0;0;0;0;0;0;0;0;0;0;0;1;0;0;3;0;11;10;1;0;1;0;0;0;0;0;0;0;0;0;0;0;0;0;0;0;0;0;0;0;0;0;0;0;0;0;0;0;0;0;0;0;0;0;0;0;0;0;0;0;0;0;0;0;0;0;0;0;0;0;0;0;0;0;0;0;0;0;0;0;0;0;0;0;0;0;0;0;0;0;0;0;0;0;0;1;0;1;1;0;0;0;0;0;3;0;0;1
"2018-09-25";5;3;4;9;25;24;12;3;1;1;2;1;1;33;58;13;9;1;2;4;2;1;1;5;0;0;1;0;0;3;1;3;6;2;1;3;2;2;1;0;1;3;16;1;3;5;8;1;0;3;2;0;10;17;0;0;0;0;0;0;0;0;0;0;0;0;0;0;0;0;0;0;1;0;0;0;3;1;0;0;1;0;1;0;0;0;0;0;0;0;0;0;0;0;0;2;0;0;0;0;0;0;0;1;0;17;15;0;1;1;0;0;0;0;0;0;0;0;0;0;0;0;0;0;1;0;0;0;0;0;0;0;0;0;0;0;0;0;0;0;0;0;0;0;0;0;0;0;0;0;0;0;0;0;0;0;0;0;0;0;0;0;0;0;0;0;0;0;0;0;0;0;0;0;0;0;0;0;0;0;0;0;0;0;0;1;0;0;0;0;0;0;0;2;1;0;0
"2018-09-26";3;1;6;13;15;12;9;4;2;1;0;0;0;17;49;7;11;3;3;0;2;0;2;5;0;2;1;0;1;2;0;3;0;3;1;1;6;2;0;0;0;5;9;3;2;1;7;1;0;0;9;0;12;23;0;0;0;0;0;0;0;0;0;0;0;0;0;0;0;0;0;0;0;1;0;0;0;0;0;3;1;0;0;0;0;2;0;0;0;0;0;0;0;0;0;0;0;0;0;0;0;0;0;2;0;23;13;0;0;3;0;0;0;0;0;0;0;0;0;0;0;0;0;0;6;0;0;0;0;0;0;0;0;0;0;0;0;0;0;0;0;0;0;0;0;0;0;0;0;0;0;0;0;0;0;0;0;0;0;0;0;0;0;0;0;0;0;0;0;0;0;0;0;0;0;0;0;0;0;0;0;0;1;1;1;4;1;0;1;0;0;0;0;3;0;0;0
"2018-09-27";1;1;5;15;15;19;12;9;0;0;0;0;0;31;46;8;9;8;2;1;2;0;3;1;1;5;0;0;0;1;0;5;1;2;3;1;5;3;4;0;0;2;10;2;3;4;5;2;0;0;4;0;12;20;0;1;0;0;0;0;1;0;0;0;0;1;0;0;0;0;0;0;1;0;1;0;1;1;0;0;0;0;1;2;1;0;1;2;0;0;1;3;0;0;0;0;1;0;0;2;0;0;0;1;0;30;14;0;0;3;0;0;1;0;0;1;0;0;0;0;0;0;0;0;8;1;1;2;3;3;0;0;0;0;0;0;0;0;0;0;0;0;0;0;0;0;0;0;0;0;0;0;0;0;0;0;0;0;0;0;0;0;0;0;0;0;0;0;0;0;0;0;0;0;0;0;0;0;0;0;0;0;2;0;0;0;1;0;1;0;0;0;0;2;0;0;0
"2018-09-28";3;5;13;10;25;11;13;3;0;1;0;0;0;25;59;6;4;1;3;0;0;0;0;1;0;0;1;1;0;6;2;1;1;0;2;0;2;1;2;0;0;1;4;1;2;1;2;0;0;4;0;0;4;15;0;0;0;0;0;0;0;0;0;0;0;0;0;0;0;0;1;0;0;0;0;0;0;0;0;0;0;0;1;0;0;0;0;1;0;0;0;0;0;0;0;0;1;0;0;0;0;0;0;0;0;20;13;0;0;2;0;0;0;0;0;0;0;0;0;0;0;0;0;0;4;0;0;0;12;2;2;0;0;0;0;0;0;0;0;0;0;0;0;0;0;0;0;0;0;0;0;0;0;0;0;0;0;0;0;0;0;0;0;0;0;0;0;0;0;0;0;0;0;0;0;0;0;0;0;0;0;0;0;0;0;2;1;0;0;0;0;0;0;1;0;0;0
"2018-09-29";3;0;2;7;17;10;6;3;1;0;0;0;0;30;19;3;6;1;5;0;0;1;0;0;0;2;1;0;1;2;2;2;6;0;1;1;1;0;0;0;0;3;3;2;1;1;3;2;0;1;0;1;3;7;0;0;0;0;0;0;0;0;0;0;0;0;0;0;0;0;0;0;0;0;0;0;0;0;0;0;0;0;0;0;0;0;0;0;0;0;0;0;0;0;0;0;0;0;0;0;0;0;0;0;0;5;3;0;0;0;0;0;0;0;0;0;0;0;0;0;0;0;0;0;4;0;0;1;1;2;0;0;0;0;0;0;0;0;0;0;0;0;0;0;0;0;0;0;0;0;0;0;0;0;0;0;0;0;0;0;0;0;0;0;0;0;0;0;0;0;0;0;0;0;0;0;0;0;0;0;0;0;0;0;0;0;1;0;0;0;0;0;0;0;0;0;0
"2018-10-01";3;2;4;6;23;18;8;4;0;1;0;0;0;18;51;5;3;1;1;0;1;1;1;0;0;1;0;0;0;0;1;0;2;0;1;2;4;0;3;0;0;0;4;1;1;1;8;0;0;1;0;0;9;22;0;0;0;0;0;0;0;0;0;0;0;0;0;0;0;0;0;0;0;0;0;0;0;1;1;0;1;0;1;0;0;0;0;0;0;0;0;0;0;0;0;0;0;0;0;0;0;0;0;4;0;16;12;0;0;0;0;0;0;0;0;0;0;0;0;0;0;0;0;0;2;0;1;0;7;4;0;0;0;0;0;0;0;0;0;0;0;0;0;0;0;0;0;0;0;0;0;0;0;0;0;0;0;0;0;0;0;0;0;0;0;0;0;0;0;0;0;0;0;0;0;0;0;0;0;0;0;0;0;0;0;1;2;0;1;0;0;0;0;2;0;0;0
"2018-10-02";1;3;1;8;14;15;16;7;0;1;2;1;1;20;50;2;5;3;0;0;1;0;2;1;0;0;0;0;0;1;0;1;1;1;1;0;2;0;0;1;1;0;1;3;1;1;1;0;0;2;0;0;2;20;0;0;0;0;0;0;0;0;0;0;0;0;0;0;0;0;1;0;0;0;0;0;0;0;0;0;0;0;0;1;0;0;0;0;1;0;0;0;1;0;0;0;0;0;0;0;0;0;0;0;0;19;4;0;0;1;0;0;0;0;0;0;0;0;0;0;0;0;0;0;1;0;0;0;5;0;0;0;0;0;0;0;0;0;0;0;0;0;0;0;0;0;0;0;0;0;0;0;0;0;0;0;0;0;0;0;0;0;0;0;0;0;0;0;0;0;0;0;0;0;0;0;0;0;0;0;0;0;0;0;1;2;1;0;0;1;0;0;0;1;0;0;0
"2018-10-03";1;8;8;7;9;11;9;3;3;0;0;0;0;15;44;2;5;4;4;0;0;0;0;1;1;2;0;0;0;0;0;0;0;1;0;1;1;3;0;0;1;3;5;1;2;1;4;0;0;2;3;0;4;28;1;0;0;0;0;0;0;0;0;0;0;0;1;0;0;0;0;0;0;0;0;2;0;0;1;0;0;1;0;0;2;0;0;0;1;0;0;0;0;0;0;0;0;0;0;0;0;0;0;3;0;7;7;0;0;0;0;0;0;1;0;0;0;1;0;0;0;1;0;0;3;0;0;1;5;1;1;0;0;0;0;0;0;0;0;0;0;0;0;0;0;0;0;0;0;0;0;0;0;0;0;0;0;0;0;0;0;0;0;0;0;0;0;0;0;0;0;0;0;0;0;0;0;0;0;0;0;0;0;0;0;0;1;0;0;0;0;0;0;1;0;0;0
"2018-10-04";8;2;9;7;19;27;13;8;3;1;0;0;0;33;64;6;4;4;2;2;1;1;1;2;0;0;0;0;0;1;1;0;0;4;2;3;3;2;6;0;0;1;6;3;1;3;3;1;0;6;1;0;5;28;0;0;0;0;0;0;0;0;0;0;0;0;0;0;0;0;0;2;0;0;0;0;0;0;0;0;1;0;1;0;1;0;0;0;0;0;0;0;0;0;0;0;0;0;0;0;1;0;0;0;0;13;9;0;0;1;1;0;0;0;0;0;0;0;0;0;0;0;0;0;5;0;1;0;6;2;3;0;0;0;0;0;0;0;0;0;0;0;0;0;0;0;0;0;0;0;0;0;0;0;0;0;0;0;0;0;0;0;0;0;0;0;0;0;0;0;0;0;0;0;0;0;0;0;0;0;0;0;0;0;0;0;3;0;0;0;0;0;0;3;0;0;0
"2018-10-05";3;4;1;10;12;18;21;14;4;1;0;0;0;26;62;3;5;0;4;1;0;0;2;1;0;0;0;0;0;0;1;2;1;0;0;3;3;0;2;0;0;3;7;1;2;0;5;2;0;2;1;0;8;22;0;0;0;0;0;0;0;0;0;0;0;0;0;0;0;0;0;0;0;0;0;0;0;0;0;1;0;0;2;0;1;0;0;0;0;0;0;0;0;0;0;0;0;0;0;1;0;0;0;1;0;18;10;1;0;3;0;0;0;0;0;0;0;0;0;0;0;0;0;0;2;0;0;0;5;1;1;0;0;0;0;0;0;0;0;0;0;0;0;0;0;0;0;0;0;0;0;0;0;0;0;0;0;0;0;0;0;0;0;0;0;0;0;0;0;0;0;0;0;0;0;0;0;0;0;0;0;0;0;0;0;0;0;0;0;0;0;0;0;1;0;0;0
"2018-10-06";1;3;6;12;10;14;7;3;2;3;0;0;0;28;33;2;7;3;3;0;2;0;1;4;1;2;2;0;0;1;0;0;4;3;0;0;6;1;0;0;0;2;10;2;2;0;13;3;0;0;0;0;5;7;0;0;0;0;0;0;0;0;0;0;0;0;0;0;0;0;0;0;0;0;0;0;0;0;0;0;0;0;0;0;0;0;0;1;0;0;0;0;0;0;0;0;0;0;0;0;0;0;0;0;0;3;5;0;0;0;0;0;0;0;0;0;0;0;0;0;0;0;0;0;2;0;0;0;5;2;0;0;0;0;0;0;0;0;0;0;0;0;0;0;0;0;0;0;0;0;0;0;0;0;0;0;0;0;0;0;0;0;0;0;0;0;0;0;0;0;0;0;0;0;0;0;0;0;0;0;0;0;1;0;0;0;0;0;0;0;0;0;0;0;0;0;0
"2018-10-08";0;0;2;9;6;6;14;8;9;2;2;0;0;16;42;7;5;2;2;3;0;0;2;2;0;1;0;0;0;0;0;1;1;1;0;3;1;4;1;0;0;2;10;2;3;1;5;0;0;4;1;0;6;33;0;0;0;0;0;0;0;0;0;0;0;0;0;0;0;0;0;0;0;0;0;0;0;1;0;0;0;0;1;0;0;0;0;0;0;0;0;0;0;0;0;0;0;0;0;0;0;0;0;3;0;16;8;0;0;2;0;0;0;0;0;0;0;0;0;0;0;0;0;0;1;0;0;0;3;0;1;7;0;0;0;0;0;0;0;0;0;0;0;0;0;0;0;0;0;0;0;0;0;0;0;0;0;0;0;0;0;0;0;0;0;0;0;0;0;0;0;0;0;0;0;0;0;0;0;0;0;0;0;0;1;2;0;0;1;1;0;0;0;3;0;0;0
"2018-10-09";4;0;3;6;20;19;13;8;0;2;0;0;0;21;54;6;6;6;1;1;4;2;2;0;0;1;0;0;0;2;0;2;1;4;2;1;4;9;0;0;1;2;8;2;3;3;5;2;6;0;2;5;11;29;1;0;0;0;0;0;0;0;0;0;0;1;0;0;0;0;0;0;0;0;0;0;0;0;0;0;0;0;0;0;0;0;0;0;0;0;0;0;0;0;0;0;0;0;0;0;0;0;0;2;1;11;12;0;0;1;0;0;0;0;0;1;0;0;1;1;0;0;0;0;4;0;0;0;9;3;1;0;0;0;0;0;0;0;0;0;0;0;0;0;0;0;0;0;0;0;0;0;0;0;0;0;0;0;0;0;0;0;0;0;0;0;0;0;0;0;0;0;0;0;0;0;0;0;0;0;0;0;0;0;0;0;1;0;0;1;1;0;0;2;1;0;0
"2018-10-10";0;3;6;7;16;14;11;2;4;0;1;0;0;29;35;6;5;5;3;2;2;0;6;2;1;0;0;1;0;1;1;0;1;1;0;3;5;2;1;0;1;8;7;2;1;0;0;0;8;0;8;0;6;30;1;0;0;0;1;0;0;0;0;0;0;0;0;0;0;2;1;0;1;0;0;0;1;0;0;0;0;0;0;0;1;0;0;0;0;0;0;0;0;0;0;0;0;0;0;0;0;0;0;6;1;22;10;0;0;1;0;1;1;0;0;1;0;1;1;1;0;0;0;0;8;0;0;0;6;1;3;0;0;0;0;0;0;0;0;0;0;0;0;0;0;0;0;0;0;0;0;0;0;0;0;0;0;0;0;0;0;0;0;0;0;0;0;0;0;0;0;0;0;0;0;0;0;0;0;0;0;0;0;0;1;3;0;0;0;0;0;2;0;3;0;0;0
"2018-10-11";4;3;9;11;18;19;13;4;2;1;0;0;0;33;51;9;4;2;4;2;1;0;1;1;0;0;1;0;0;2;2;4;3;0;1;3;4;0;3;0;1;5;8;1;3;1;1;0;5;0;10;0;6;23;0;0;1;0;0;0;1;0;0;0;0;0;0;0;1;0;0;0;0;0;0;0;0;0;0;0;0;0;0;0;0;0;0;0;0;0;0;0;0;0;0;0;0;0;0;0;0;0;0;2;0;20;14;1;0;2;0;1;0;0;0;1;0;0;0;0;0;0;0;0;10;0;3;0;5;3;4;0;0;0;0;0;0;0;0;0;0;0;0;0;0;0;0;0;0;0;0;0;0;0;0;0;0;0;0;0;0;0;0;0;0;0;0;0;0;0;0;0;0;0;0;0;0;0;0;0;0;0;0;0;0;4;1;0;0;2;1;0;0;1;0;0;0
"2018-10-15";2;1;6;14;18;15;25;7;2;1;1;0;0;44;48;7;10;3;2;0;1;0;1;1;0;0;1;0;0;0;1;1;3;3;3;0;4;2;1;0;0;0;10;0;3;1;2;1;0;0;13;0;6;30;0;0;0;0;0;0;0;0;0;0;0;0;0;0;0;0;0;0;0;0;0;0;0;0;0;0;1;0;2;0;0;0;0;0;0;0;0;0;0;0;0;0;0;0;0;0;0;0;0;1;0;14;13;0;0;2;0;0;0;0;0;0;0;0;0;0;0;0;0;0;5;0;1;0;8;2;0;0;0;0;0;0;0;0;0;0;0;0;0;0;0;0;0;0;0;0;0;0;0;0;0;0;0;0;0;0;0;0;0;0;0;0;0;0;0;0;0;0;0;0;0;0;0;0;0;0;0;0;0;0;0;1;0;0;0;0;0;1;1;2;1;0;0
"2018-10-16";1;2;8;14;17;26;7;3;1;1;0;0;1;28;53;3;9;1;1;3;4;0;1;0;0;1;0;0;0;1;0;1;0;0;0;1;7;1;0;0;0;1;6;0;3;1;1;0;0;1;8;0;1;21;1;1;0;0;0;0;0;0;0;0;0;2;0;0;0;0;0;0;1;0;0;1;0;1;0;0;1;1;0;0;2;0;0;0;0;0;0;0;0;0;0;0;2;0;0;0;0;0;0;5;0;18;13;0;0;0;0;0;0;0;2;1;0;1;0;1;0;1;0;0;4;0;0;0;8;2;1;0;0;1;0;0;0;0;0;0;0;0;0;0;0;0;0;0;0;0;0;0;0;0;0;0;0;0;0;0;0;0;0;0;0;0;0;0;0;0;0;0;0;0;0;0;0;0;0;0;0;0;1;0;0;0;0;0;0;0;0;0;0;1;0;0;0
"2018-10-17";0;1;5;9;30;15;14;10;1;3;1;0;1;23;67;10;8;3;2;1;2;0;3;1;0;1;0;0;0;2;0;3;0;0;1;3;3;2;0;0;2;3;9;1;3;3;0;0;0;0;4;0;9;23;0;0;0;0;0;0;0;0;0;0;0;0;0;0;0;0;0;0;0;0;0;0;0;0;1;0;0;0;0;0;0;0;0;0;0;0;0;0;0;0;0;0;0;0;0;0;0;0;0;0;1;12;12;0;0;1;0;0;0;0;0;0;0;0;0;0;0;0;0;0;8;0;0;0;5;1;0;0;0;0;5;0;0;0;0;0;0;0;0;0;0;0;0;0;0;0;0;0;0;0;0;0;0;0;0;0;0;0;0;0;0;0;0;0;0;0;0;0;0;0;0;0;0;0;0;0;0;0;0;0;0;1;1;0;0;0;0;0;0;1;0;0;0
"2018-10-18";1;4;2;12;18;16;14;5;4;4;2;0;0;21;61;6;4;1;4;0;2;0;1;1;0;0;0;0;0;0;0;0;3;4;0;2;2;1;0;0;0;3;9;0;0;3;0;0;0;0;8;0;5;25;0;0;0;0;0;0;0;0;0;0;0;0;0;0;0;0;1;0;1;0;0;0;0;1;0;0;0;0;1;0;0;0;1;1;1;0;0;0;0;0;0;0;0;0;0;0;0;0;0;1;2;21;10;0;1;1;0;0;0;0;0;0;0;0;0;0;0;0;0;0;3;0;1;0;8;1;0;0;0;0;2;0;0;0;0;0;0;0;0;0;0;0;0;0;0;0;0;0;0;0;0;0;0;0;0;0;0;0;0;0;0;0;0;0;0;0;0;0;0;0;0;0;0;0;0;0;0;0;0;0;0;3;1;0;1;0;0;0;0;2;0;0;0
"2018-10-19";1;2;1;7;20;20;11;10;1;2;0;1;1;21;56;12;6;3;1;1;2;0;0;3;0;0;1;0;0;4;0;4;3;1;2;4;4;4;4;0;0;2;3;0;4;2;0;0;0;0;9;0;6;23;0;0;1;0;0;0;0;0;1;0;0;1;0;0;0;0;0;0;0;0;0;0;1;0;0;0;0;0;2;0;0;0;0;0;0;0;0;0;0;0;0;0;0;0;0;0;1;0;0;0;7;26;14;0;0;1;0;0;1;0;0;0;0;0;0;0;0;0;0;0;13;0;0;0;11;0;0;0;0;0;6;0;0;0;0;0;0;0;0;0;0;0;0;0;0;0;0;0;0;0;0;0;0;0;0;0;0;0;0;0;0;0;0;0;0;0;0;0;0;0;0;0;0;0;0;0;0;0;1;1;0;0;2;0;1;0;0;0;0;3;0;0;0
"2018-10-20";2;0;6;3;9;17;12;5;4;0;1;0;0;36;23;5;5;1;4;0;0;0;2;0;0;1;2;0;0;3;0;1;0;1;1;2;6;1;0;1;0;1;5;1;4;1;0;0;0;0;6;0;1;6;0;0;0;0;0;0;0;0;0;0;0;0;0;0;0;0;1;0;0;0;0;0;0;0;0;0;1;0;0;0;0;0;0;0;0;0;0;0;0;0;0;0;0;0;0;0;1;0;0;0;0;8;4;0;0;0;0;0;0;0;0;0;0;0;0;0;0;0;0;0;3;0;0;0;8;2;0;0;1;2;1;0;0;0;0;0;0;0;0;0;0;0;0;0;0;0;0;0;0;0;0;0;0;0;0;0;0;0;0;0;0;0;0;0;0;0;0;0;0;0;0;0;0;0;0;0;0;0;0;0;0;0;0;0;0;0;0;0;0;0;0;0;0
"2018-10-22";3;1;6;12;20;16;5;6;1;0;0;0;0;32;38;7;8;6;3;0;5;0;0;0;1;0;0;0;0;0;1;1;2;1;2;5;1;1;1;0;0;3;10;1;2;0;0;0;0;0;10;0;10;22;0;0;0;0;0;0;0;0;0;0;0;0;0;0;0;0;0;0;0;0;0;0;0;0;0;0;1;0;0;0;0;0;0;0;0;0;0;0;0;0;0;0;0;0;0;0;0;0;0;3;0;12;15;0;1;2;0;0;0;0;0;0;0;0;0;0;0;0;0;0;3;0;1;1;11;6;1;0;0;0;9;0;0;0;0;0;0;0;0;0;0;0;0;0;0;0;0;0;0;0;0;0;0;0;0;0;0;0;0;0;0;0;0;0;0;0;0;0;0;0;0;0;0;0;0;0;0;0;1;0;0;0;1;0;0;1;0;0;1;1;0;0;0
"2018-10-23";3;2;4;8;24;24;14;5;4;1;0;0;0;38;51;5;8;2;2;1;2;0;0;1;0;0;0;0;0;1;0;1;1;1;1;0;2;1;0;0;0;1;4;2;1;4;0;0;0;0;3;1;4;15;0;0;0;0;0;0;0;0;0;0;0;0;0;0;0;0;0;0;0;0;0;0;0;0;0;0;0;0;0;0;0;0;0;0;0;0;0;0;0;0;0;0;1;0;0;0;0;0;0;2;0;17;8;0;0;1;0;0;0;0;0;0;0;0;0;0;0;0;0;0;9;0;0;1;10;2;0;0;0;0;3;0;1;0;0;0;0;0;0;0;0;0;0;0;0;0;0;0;0;0;0;0;0;0;0;0;0;0;0;0;0;0;0;0;0;0;0;0;0;0;0;0;0;0;0;0;0;0;0;1;0;1;3;0;1;2;0;1;0;0;0;0;0
"2018-10-25";3;4;7;14;21;17;15;7;3;0;0;0;0;38;53;6;4;3;3;2;0;0;1;2;0;0;0;1;0;4;0;1;0;0;0;2;3;0;5;0;0;2;3;5;1;3;0;0;0;0;4;0;5;23;0;1;1;0;0;0;1;1;0;0;0;0;1;0;0;1;0;0;0;0;0;0;0;1;1;0;0;0;0;0;0;0;0;0;0;0;0;0;0;0;0;0;0;0;0;0;0;0;0;2;4;25;18;0;0;2;0;0;1;0;1;0;0;0;0;1;0;0;1;0;6;0;2;0;8;1;0;0;0;0;2;0;0;0;0;0;0;0;0;0;0;0;0;0;0;0;0;0;0;0;0;0;0;0;0;0;0;0;0;0;0;0;0;0;0;0;0;0;0;0;0;0;0;0;0;0;0;0;0;0;0;2;3;0;2;1;0;1;0;2;0;0;0
"2018-10-26";2;2;5;12;22;24;14;9;3;2;2;0;2;41;58;10;8;5;4;1;4;0;0;1;0;1;0;0;0;0;0;5;3;0;1;4;3;5;5;1;0;2;16;1;8;0;0;0;0;0;7;0;2;28;0;0;0;0;0;0;0;0;0;0;0;0;0;0;0;0;0;0;0;0;0;0;0;0;0;0;1;0;1;0;0;2;1;0;0;0;0;0;0;0;0;0;0;0;0;1;0;0;0;3;6;29;16;0;0;3;0;0;0;0;0;0;0;0;0;0;0;0;0;0;12;0;0;0;7;0;0;0;0;0;6;0;0;0;0;0;0;0;0;0;0;0;0;0;0;0;0;0;0;0;0;0;0;0;0;0;0;0;0;0;0;0;0;0;0;0;0;0;0;0;0;0;0;0;0;0;0;0;0;0;0;1;2;0;1;3;1;1;1;3;0;0;0
"2018-10-27";7;11;11;6;14;12;15;4;2;1;0;0;0;52;31;6;7;3;2;0;1;0;1;2;0;3;1;0;0;4;0;1;3;0;2;4;5;1;0;0;0;0;7;0;4;1;0;0;0;0;6;0;4;11;0;1;0;0;0;0;1;0;0;0;0;1;0;0;0;0;0;0;0;0;0;0;0;0;0;0;0;0;2;0;0;0;0;0;0;0;0;0;0;0;0;0;0;0;0;1;0;0;0;0;5;7;2;0;0;0;0;0;1;0;1;0;0;0;0;0;0;0;0;0;13;0;0;0;3;2;0;0;0;0;5;1;0;0;0;0;0;0;0;0;0;0;0;0;0;0;0;0;0;0;0;0;0;0;0;0;0;0;0;0;0;0;0;0;0;0;0;0;0;0;0;0;0;0;0;0;0;0;1;0;1;1;2;0;0;0;0;0;0;1;0;0;0
"2018-10-29";3;0;6;10;17;18;21;12;6;2;3;1;0;28;71;8;5;1;3;0;0;0;0;1;0;0;0;1;0;3;7;4;0;1;1;0;6;1;2;0;1;0;7;2;1;1;0;0;0;0;0;1;5;28;0;0;0;0;0;0;0;0;0;0;0;0;0;0;0;0;0;0;0;0;0;0;0;1;0;0;0;0;1;0;0;0;1;0;0;0;0;0;0;0;0;0;0;0;0;0;0;0;0;5;0;16;8;0;0;2;0;0;0;0;0;0;0;0;0;0;0;0;0;0;5;0;0;0;2;2;0;0;0;0;10;0;0;0;0;0;0;0;0;0;0;0;0;0;0;0;0;0;0;0;0;0;0;0;0;0;0;0;0;0;0;0;0;0;0;0;0;0;0;0;0;0;0;0;0;0;0;0;1;0;0;2;1;0;1;0;0;0;0;2;1;0;0
"2018-10-30";1;2;5;12;15;16;11;7;2;1;0;1;0;21;52;4;2;4;1;0;0;0;0;6;0;2;0;0;0;0;1;1;1;0;0;2;3;1;1;0;0;0;7;1;1;1;0;0;0;0;3;0;5;22;0;0;0;0;0;0;0;0;0;0;0;0;0;0;0;0;1;0;0;0;0;1;0;0;0;1;0;0;0;0;4;0;0;0;1;0;1;0;0;0;0;0;0;0;0;0;0;0;0;2;4;17;10;0;0;1;0;0;0;0;0;0;0;0;0;0;0;0;0;0;5;0;0;1;5;0;0;0;0;0;8;2;0;0;0;0;0;0;0;0;0;0;0;0;0;0;0;0;0;0;0;0;0;0;0;0;0;0;0;0;0;0;0;0;0;0;0;0;0;0;0;0;0;0;0;0;0;0;0;0;0;0;4;0;0;1;0;0;1;1;0;0;0
"2018-10-31";2;3;4;11;24;21;10;8;7;3;0;0;0;17;76;9;11;2;3;1;2;0;1;2;1;1;0;0;0;1;0;3;0;0;1;2;7;1;5;2;3;6;7;0;3;1;0;0;0;0;9;1;10;34;2;1;0;0;0;0;2;0;0;0;0;2;0;0;0;1;0;1;0;0;0;0;0;0;0;0;0;0;0;0;0;0;0;0;0;0;0;0;0;0;0;0;0;0;0;0;0;0;1;2;7;19;11;0;0;5;0;0;0;0;0;0;1;1;1;1;0;1;2;0;7;0;1;0;8;0;0;0;0;1;6;2;1;0;0;0;0;0;0;0;0;0;0;0;0;0;0;0;0;0;0;0;0;0;0;0;0;0;0;0;0;0;0;0;0;0;0;0;0;0;0;0;0;0;0;0;0;0;6;2;0;1;1;0;0;2;1;1;1;1;0;0;0
"2018-11-02";2;1;7;7;15;13;13;8;1;2;1;1;0;28;43;1;4;3;1;0;0;1;2;1;0;1;0;0;0;0;0;0;1;0;0;4;1;1;1;0;1;0;5;0;0;1;0;0;0;0;2;0;2;20;0;0;0;0;0;0;0;0;0;0;0;0;0;0;0;0;0;0;0;0;0;0;0;0;0;0;0;0;0;0;0;0;0;0;0;0;0;0;0;0;0;0;0;0;0;1;0;0;0;0;4;16;8;0;0;1;0;0;0;0;0;0;0;0;0;0;0;0;0;0;1;0;0;2;7;3;0;0;0;0;1;0;0;0;0;0;0;0;0;0;0;0;0;0;0;0;0;0;0;0;0;0;0;0;0;0;0;0;0;0;0;0;0;0;0;0;0;0;0;0;0;0;0;0;0;0;0;0;0;0;0;0;1;0;1;0;0;1;0;2;0;0;0
"2018-11-03";11;0;6;7;16;8;5;4;1;0;1;0;0;29;30;4;3;6;4;1;1;0;0;0;0;1;1;1;0;3;0;2;1;1;0;3;1;0;1;0;2;2;4;0;2;1;0;0;0;0;8;0;6;5;0;0;0;0;0;0;0;0;0;0;0;0;0;0;0;0;0;0;0;0;0;0;0;0;0;0;0;0;0;0;0;0;0;0;0;0;0;0;0;0;0;0;0;0;0;0;0;0;0;0;3;1;3;0;2;0;0;0;0;0;0;0;0;0;0;0;0;0;0;0;3;0;0;0;2;1;0;0;0;0;1;0;1;0;0;0;0;0;0;0;0;0;0;0;0;0;0;0;0;0;0;0;0;0;0;0;0;0;0;0;0;0;0;0;0;0;0;0;0;0;0;0;0;0;0;0;0;0;0;0;0;1;0;0;0;1;0;3;0;1;0;0;0
"2018-11-05";0;2;4;13;16;20;15;7;2;0;1;0;0;18;62;4;3;3;4;1;2;0;0;1;0;0;0;0;0;0;0;0;1;0;0;1;3;2;0;0;0;1;7;1;2;0;0;0;0;0;5;0;5;25;0;0;0;0;0;0;0;0;0;0;0;0;0;0;0;0;0;0;0;0;1;1;1;1;0;2;1;1;1;0;0;1;0;1;1;0;1;0;0;0;0;0;0;0;0;0;0;0;0;1;2;17;7;0;0;0;0;0;0;0;0;0;0;0;0;0;0;0;0;0;4;0;0;0;5;1;0;0;0;0;6;0;1;0;0;0;0;0;0;0;0;0;0;0;0;0;0;0;0;0;0;0;0;0;0;0;0;0;0;0;0;0;0;0;0;0;0;0;0;0;0;0;0;0;0;0;0;0;0;0;0;2;0;0;0;0;0;0;1;2;0;0;0
"2018-11-06";3;3;3;15;18;18;11;5;4;1;0;0;0;34;47;11;13;1;6;2;3;2;1;1;0;1;0;0;0;2;3;3;5;3;2;6;5;3;1;0;1;5;12;0;3;4;0;0;0;0;13;0;7;21;0;0;0;0;0;0;0;0;0;0;0;0;0;0;0;0;0;0;0;0;0;0;0;0;0;0;0;0;0;0;0;0;0;0;0;0;0;0;0;0;0;0;0;0;0;0;0;0;0;4;6;13;16;0;0;1;0;0;0;0;0;0;0;0;0;0;0;0;0;0;5;0;0;0;6;1;0;0;0;0;12;0;0;0;0;0;0;0;0;0;0;0;0;0;0;0;0;0;0;0;0;0;0;0;0;0;0;0;0;0;0;0;0;0;0;0;0;0;0;0;0;0;0;0;0;0;0;0;0;2;0;3;4;0;0;1;0;1;0;2;1;0;0
"2018-11-07";2;3;5;15;16;20;12;3;3;1;0;0;0;25;55;12;11;7;4;0;3;1;2;3;0;1;3;1;0;8;1;8;2;0;1;3;5;1;2;0;2;5;21;4;6;7;0;0;0;0;9;0;7;36;0;0;0;0;0;0;0;0;0;0;0;0;0;0;0;0;4;3;0;0;0;0;0;0;0;0;0;0;6;0;1;0;0;0;0;0;0;0;0;0;0;0;0;0;0;0;1;0;0;1;8;23;15;0;0;0;0;0;0;0;0;0;0;0;0;0;0;0;0;0;6;0;0;1;5;1;0;0;0;1;3;1;3;0;0;1;1;0;0;0;0;0;0;0;0;0;0;0;0;0;0;0;0;0;0;0;0;0;0;0;0;0;0;0;0;0;0;0;0;0;0;0;0;0;0;0;0;0;0;1;0;1;4;0;0;1;1;0;0;1;1;0;0
"2018-11-08";0;3;7;5;19;12;14;6;4;2;0;1;0;37;36;12;7;9;4;0;2;0;2;1;1;1;0;0;0;2;1;3;2;3;3;2;8;1;0;0;1;3;10;0;4;5;0;0;0;0;11;1;8;25;1;1;0;0;0;1;0;0;0;0;0;1;1;0;0;1;0;0;0;0;0;0;0;0;0;1;0;0;0;0;0;1;0;3;1;0;0;0;0;0;0;0;0;0;0;0;0;0;0;3;4;22;17;0;0;3;0;0;0;0;0;0;0;3;2;1;1;0;1;0;3;0;1;0;10;0;0;0;1;0;8;0;0;0;0;2;0;1;0;0;0;0;0;0;0;0;0;0;0;0;0;0;0;0;0;0;0;0;0;0;0;0;0;0;0;0;0;0;0;0;0;0;0;0;0;0;0;0;0;0;1;2;2;0;1;2;0;0;0;5;0;0;0
"2018-11-10";1;2;4;13;12;7;8;1;1;3;0;0;0;17;35;1;1;4;3;0;0;0;0;0;1;1;0;0;0;1;0;0;1;1;2;0;1;0;2;0;1;0;3;1;3;2;0;0;0;0;2;0;2;14;0;0;0;0;0;0;0;0;0;0;0;0;0;0;0;0;0;0;0;0;0;0;0;0;0;0;0;0;1;0;0;0;0;0;0;0;0;0;0;0;0;0;0;0;0;0;0;0;0;0;3;8;11;0;0;0;0;0;0;0;0;0;0;0;0;0;0;0;0;0;0;0;1;0;1;0;0;0;0;0;1;2;0;0;0;0;0;0;0;0;0;0;0;0;0;0;0;0;0;0;0;0;0;0;0;0;0;0;0;0;0;0;0;0;0;0;0;0;0;0;0;0;0;0;0;0;0;0;0;0;0;0;1;0;0;0;1;0;0;1;0;0;0
"2018-11-12";0;3;8;15;23;19;7;1;1;1;1;0;0;42;37;8;13;10;3;0;2;1;1;0;0;2;1;1;0;3;0;0;1;2;0;4;6;1;0;0;1;1;18;2;7;8;0;0;0;0;8;0;7;21;0;1;1;0;0;0;1;0;0;0;0;1;0;0;1;0;0;0;0;0;0;0;0;0;0;0;0;0;3;0;0;0;0;0;1;0;0;0;0;0;0;0;0;0;0;0;0;0;0;0;6;17;23;0;1;2;0;0;0;0;0;0;0;0;0;1;0;0;1;0;2;0;0;1;7;1;5;0;0;0;8;2;0;0;0;1;0;0;0;0;0;0;0;0;0;0;0;0;0;0;0;0;0;0;0;0;0;0;0;0;0;0;0;0;0;0;0;0;0;0;0;0;0;0;0;0;0;0;1;0;1;0;3;0;4;3;0;0;2;1;1;0;0
"2018-11-13";1;1;1;12;17;20;18;7;5;0;1;0;0;23;60;8;6;8;3;4;0;1;0;2;0;2;1;0;0;1;0;2;2;4;3;6;5;1;2;0;0;1;8;3;7;1;0;0;0;0;11;0;9;30;0;1;0;1;0;0;0;0;0;0;0;1;0;1;0;0;0;0;0;0;0;0;0;0;1;0;0;0;0;0;2;0;0;0;2;0;0;0;0;0;0;0;0;0;0;0;0;0;0;2;9;24;11;0;0;1;0;0;1;0;0;0;0;1;0;1;0;1;1;0;0;0;0;0;9;1;2;0;0;0;4;1;1;0;0;1;0;0;0;0;0;0;0;0;0;0;0;0;0;0;0;0;0;0;0;0;0;0;0;0;0;0;0;0;0;0;0;0;0;0;0;0;0;0;0;0;0;0;0;1;0;1;1;0;1;1;0;0;0;2;0;0;0
"2018-11-14";3;4;8;14;17;8;14;7;6;2;0;1;0;45;39;16;21;8;8;1;3;1;0;2;0;0;0;2;0;2;0;3;6;2;0;7;8;3;6;0;0;7;17;2;12;4;0;0;0;0;20;0;9;28;0;0;0;0;0;0;0;0;0;0;0;0;0;0;0;0;0;0;0;0;0;0;0;0;0;0;0;0;0;0;0;0;0;0;0;0;0;0;0;0;0;0;0;0;0;0;0;0;0;3;10;19;11;0;0;0;0;0;0;0;0;0;0;0;0;0;0;0;0;0;3;0;1;3;5;3;2;0;1;1;8;1;0;0;0;0;0;1;0;0;0;0;0;0;0;0;0;0;0;0;0;0;0;0;0;0;0;0;0;0;0;0;0;0;0;0;0;0;0;0;0;0;0;0;0;0;0;0;0;1;1;2;2;0;1;1;1;0;1;1;0;0;0
"2018-11-15";2;0;3;10;9;19;10;4;2;2;0;0;1;19;43;5;9;9;6;4;0;0;3;0;0;4;0;1;0;2;0;1;3;4;2;3;5;1;4;0;0;2;13;5;7;4;0;0;0;0;13;0;3;21;0;0;1;0;0;0;0;0;0;0;0;1;0;0;0;0;0;0;0;0;1;0;1;0;3;0;0;0;1;0;0;0;0;0;0;0;0;0;0;0;0;0;2;0;0;0;0;0;0;1;8;17;12;0;0;1;0;0;0;0;1;1;0;0;0;1;0;0;0;1;8;0;1;3;6;1;0;0;0;0;2;0;1;0;0;0;0;1;0;0;0;4;0;0;0;0;0;0;0;0;0;0;0;0;0;0;0;0;0;0;0;0;0;0;0;0;0;0;0;0;0;0;0;0;0;0;0;0;2;3;0;0;2;0;0;1;0;2;0;0;2;0;0
"2018-11-16";1;3;11;18;16;13;16;2;2;3;0;0;0;47;38;13;8;7;7;0;1;0;0;1;0;2;0;0;0;1;0;2;3;0;4;3;4;1;4;0;1;2;10;4;7;2;0;0;0;0;13;2;6;21;0;0;1;0;0;0;0;0;0;0;0;0;0;0;0;1;1;0;0;0;0;0;0;0;0;0;1;0;1;0;0;0;0;0;1;0;0;0;0;0;0;0;2;1;0;0;0;0;0;0;8;15;11;0;0;1;0;0;0;0;1;0;0;1;0;0;0;0;0;0;9;0;0;3;4;2;0;0;1;0;3;1;1;0;0;0;0;0;0;0;0;3;0;0;0;0;0;0;0;0;0;0;0;0;0;0;0;0;0;0;0;0;0;0;0;0;0;0;0;0;0;0;0;0;0;0;0;0;0;0;0;4;2;0;2;1;1;0;0;3;0;0;0
"2018-11-17";8;4;6;4;4;6;0;1;1;0;1;0;0;16;19;2;3;2;2;0;0;0;0;0;1;1;0;0;0;1;0;0;2;1;3;0;0;0;1;0;0;0;4;0;1;2;0;0;0;0;3;0;2;7;0;0;0;0;0;0;0;0;0;0;0;0;0;0;0;0;0;0;0;0;1;0;0;0;0;1;0;1;0;0;0;0;0;0;0;0;0;0;0;0;0;0;2;0;0;0;0;0;0;0;3;5;4;0;0;1;0;0;0;0;0;0;0;0;0;0;0;0;0;0;2;0;1;0;1;0;0;0;0;0;2;0;2;0;0;0;0;0;0;0;0;1;0;0;0;0;0;0;0;0;0;0;0;0;0;0;0;0;0;0;0;0;0;0;0;0;0;0;0;0;0;0;0;0;0;0;0;0;0;0;1;1;2;0;0;0;0;0;0;0;0;0;0
"2018-11-19";1;0;5;12;20;12;4;4;3;5;1;0;0;21;46;10;5;8;4;1;1;0;1;1;0;0;0;0;0;2;0;0;2;0;2;1;2;4;1;0;0;5;13;0;5;2;0;0;0;0;16;1;7;0;0;0;0;0;0;0;0;0;0;0;0;0;0;0;0;0;0;1;0;0;0;0;1;0;0;0;0;0;0;0;0;0;0;0;0;0;0;0;0;0;0;0;0;0;0;0;0;0;0;0;5;16;10;0;0;0;0;0;0;0;0;0;0;0;0;0;0;0;0;0;4;0;0;0;9;0;0;0;0;0;2;0;0;0;0;0;0;1;0;0;0;2;0;0;0;0;0;4;0;0;0;0;0;0;0;0;0;0;0;0;0;0;0;0;0;0;0;0;0;0;0;0;0;0;0;0;0;0;1;0;1;2;2;27;1;0;0;0;0;1;0;0;0
"2018-11-20";3;2;7;9;21;14;14;5;3;0;0;0;0;31;47;9;11;3;3;1;0;0;1;0;0;1;2;1;0;0;0;1;5;1;1;0;3;0;1;0;0;2;10;1;2;6;0;0;0;0;8;1;2;0;0;0;2;1;0;0;2;0;0;0;0;2;1;0;0;0;1;0;0;0;0;0;0;0;0;0;0;0;1;0;0;0;0;0;0;0;0;0;0;0;0;0;0;0;0;1;0;0;0;2;5;17;9;0;0;0;0;0;1;0;0;0;0;1;2;0;0;2;1;0;1;0;2;2;3;1;1;0;0;0;6;0;0;0;0;0;0;0;0;0;0;0;0;0;0;0;0;0;0;0;0;0;0;0;0;0;0;0;0;0;0;0;0;0;0;0;0;0;0;0;0;0;0;0;0;0;0;0;0;1;0;3;1;18;0;1;0;1;0;3;0;0;0
"2018-11-21";1;1;14;14;23;16;11;4;3;1;0;0;0;39;49;10;11;13;7;0;0;0;2;1;0;1;0;0;0;0;0;0;4;1;3;0;7;1;0;0;0;3;19;1;11;3;0;0;0;0;15;4;3;0;0;0;0;0;0;0;0;0;0;0;0;0;0;0;0;0;1;0;0;0;0;0;1;0;0;0;0;0;0;0;1;0;0;0;0;0;0;0;0;0;0;0;0;0;0;0;0;0;0;2;9;21;12;0;0;2;0;0;0;0;0;0;0;0;0;0;0;0;0;0;4;0;1;1;6;3;1;0;0;1;5;2;2;0;0;1;0;1;0;0;0;1;0;0;0;0;0;0;0;0;0;0;0;0;0;0;0;0;0;0;0;0;0;0;0;0;0;0;0;0;0;0;0;0;0;0;0;0;0;0;0;5;1;33;1;3;0;1;0;4;0;0;0
"2018-11-22";1;2;3;14;15;25;17;9;3;1;2;0;0;30;62;10;11;6;7;2;5;0;1;2;0;1;0;0;0;1;1;2;3;1;3;0;8;4;11;0;0;3;20;0;11;2;0;0;0;0;10;3;1;0;0;0;0;0;0;0;0;0;0;0;0;0;0;0;0;0;0;0;0;0;0;0;0;0;0;0;0;0;0;0;0;1;0;0;0;0;0;0;0;0;1;0;0;0;0;0;0;0;0;1;10;19;12;0;0;2;0;0;0;0;0;0;0;0;0;0;0;0;0;0;6;0;0;0;9;2;0;0;1;1;8;3;0;0;0;2;0;1;0;0;0;0;0;0;1;0;0;0;0;0;0;0;0;0;0;0;0;0;0;0;0;0;0;0;0;0;0;0;0;0;0;0;0;0;0;0;0;0;2;0;0;8;2;26;0;0;1;0;2;4;0;0;0
"2018-11-23";2;1;1;5;16;26;13;9;3;0;1;0;0;35;42;6;10;7;5;1;1;0;0;0;0;0;0;0;0;1;0;2;7;0;3;0;4;1;1;0;0;1;14;0;7;2;0;0;0;8;2;0;3;0;0;0;0;2;1;0;0;0;1;0;0;1;2;0;0;0;1;0;0;0;0;0;3;1;1;0;0;0;1;0;0;1;0;0;0;0;0;0;0;0;0;0;0;0;0;0;0;0;0;0;5;27;14;0;0;1;0;1;1;1;1;1;0;2;0;0;0;0;0;0;2;0;3;0;9;0;0;0;0;0;6;0;0;0;0;0;0;1;0;0;0;0;0;0;0;0;0;0;0;0;0;0;0;0;0;0;0;0;0;0;0;0;0;0;0;0;0;0;0;0;0;0;0;0;0;0;0;0;3;1;0;2;0;24;0;1;0;1;0;5;1;0;0
"2018-11-24";5;2;7;16;4;9;4;1;0;1;0;0;0;21;28;3;3;3;1;0;0;0;1;0;0;0;0;0;0;1;2;0;3;0;5;0;0;0;0;0;0;2;3;1;4;0;0;0;0;0;8;0;2;0;0;0;0;0;0;0;0;0;0;0;0;0;0;0;0;0;0;3;0;0;0;0;0;1;1;1;0;1;0;0;2;0;0;0;1;0;0;0;0;0;1;0;0;0;0;0;0;0;0;0;3;12;10;0;0;3;0;0;0;0;0;0;0;0;0;0;0;0;0;0;0;0;1;3;6;0;0;0;0;0;1;1;0;0;0;1;0;0;0;0;0;0;0;0;0;0;0;0;0;0;0;0;0;0;0;0;0;0;0;0;0;0;0;0;0;0;0;0;0;0;0;0;0;0;0;0;0;0;0;0;0;3;1;17;2;0;0;0;0;0;0;0;0
"2018-11-26";3;1;4;8;19;21;19;7;4;0;0;0;0;26;60;13;1;12;11;3;1;0;0;0;0;0;0;0;0;0;1;0;1;3;3;0;7;1;1;1;0;1;24;0;7;4;0;0;0;0;11;0;4;0;0;0;0;0;0;0;0;0;0;0;0;0;0;0;0;0;0;0;0;0;0;0;1;0;2;1;0;0;1;0;1;2;0;0;0;0;0;0;0;0;0;0;0;0;0;0;0;0;0;3;6;20;14;0;0;3;0;0;0;0;0;0;0;0;0;0;0;0;0;0;3;0;0;3;10;2;1;0;1;0;15;1;0;0;0;2;0;0;0;0;0;6;0;0;0;0;0;0;0;0;0;0;0;0;0;0;0;0;0;0;0;0;0;0;0;0;0;0;0;0;0;0;0;0;0;0;0;0;1;2;0;3;2;22;0;0;0;0;3;2;0;0;0
"2018-11-27";48;7;13;15;20;26;6;4;2;2;1;2;0;75;71;13;12;9;4;0;0;0;2;0;1;0;2;0;0;2;0;2;4;1;2;2;9;0;0;0;1;0;17;3;11;1;0;0;0;0;18;2;4;0;0;0;0;0;0;0;0;0;0;0;0;0;0;0;0;0;1;1;0;0;0;0;0;0;0;0;2;0;1;0;0;0;0;0;0;0;0;0;0;0;0;0;0;0;0;0;0;0;0;2;10;17;9;0;0;0;0;0;0;0;0;0;0;0;0;0;0;0;0;0;1;0;1;2;9;0;0;0;0;0;3;0;0;0;0;0;0;0;0;0;0;6;0;0;0;0;0;0;0;0;0;0;0;0;0;0;0;0;0;0;0;0;0;0;0;0;0;0;0;0;0;0;0;0;0;0;0;0;0;0;0;1;3;19;1;1;0;0;0;2;0;0;0
"2018-11-28";1;1;2;11;16;18;10;6;2;2;1;0;0;29;41;12;10;5;7;1;1;1;2;0;0;0;1;0;0;2;0;1;3;0;1;0;5;1;2;0;1;1;24;1;8;4;0;0;0;0;11;0;5;0;0;0;1;2;0;0;0;0;0;0;0;3;0;0;0;0;2;0;0;0;0;0;0;1;2;0;0;0;1;0;2;3;0;1;0;0;0;0;0;0;0;0;0;0;0;0;0;0;0;2;12;28;13;0;0;3;0;1;0;0;0;0;0;1;3;0;2;0;2;0;7;0;4;0;6;0;1;0;0;0;7;3;0;0;0;0;0;2;0;0;0;2;0;1;0;0;0;0;0;0;0;0;0;0;0;0;0;0;0;0;0;0;0;0;0;0;0;0;0;0;0;0;0;0;0;0;0;0;0;0;0;7;1;23;2;0;1;0;0;1;1;0;0
"2018-11-29";9;3;5;8;19;17;11;5;5;0;1;0;0;30;53;18;17;9;4;0;1;0;2;3;0;0;0;0;0;5;2;1;3;3;0;1;6;1;2;0;0;3;21;2;10;10;0;0;0;0;6;5;8;0;0;0;0;0;2;0;0;0;0;0;0;1;0;1;0;0;1;0;0;0;0;0;1;0;0;0;1;0;1;0;0;0;0;0;0;0;0;0;0;0;0;0;0;0;0;0;0;0;0;1;9;17;17;0;0;0;0;0;1;0;0;0;0;0;1;2;0;0;2;1;0;0;0;0;7;0;2;0;0;0;10;1;0;0;0;0;0;0;0;0;0;0;0;0;0;0;0;0;0;0;0;0;0;0;0;0;0;0;0;0;0;0;0;0;0;0;0;0;0;0;0;0;0;0;0;0;0;0;1;0;0;8;2;26;1;1;0;0;0;4;0;0;0
"2018-11-30";55;2;12;12;18;16;11;5;2;0;1;0;0;79;55;5;8;3;3;1;0;0;1;1;1;0;0;1;0;0;0;5;6;1;4;5;5;3;3;0;1;1;5;1;5;3;1;0;0;0;10;0;2;0;0;0;0;0;0;0;0;0;0;0;0;0;0;0;0;0;0;0;0;0;0;0;0;0;0;1;0;1;1;0;0;0;0;0;0;0;0;0;0;0;0;0;0;0;0;0;0;0;0;1;6;18;12;0;0;3;0;0;0;0;0;0;0;0;0;0;0;0;0;0;7;0;0;1;3;3;0;0;1;2;5;0;0;0;0;0;0;2;0;0;0;3;0;1;0;0;0;0;0;0;0;0;0;0;0;0;0;0;0;0;0;0;0;0;0;0;0;0;0;0;0;0;0;0;0;0;0;0;0;1;0;7;3;28;0;1;0;0;0;1;0;0;0
"2018-12-01";51;5;7;11;16;16;4;3;1;0;0;0;0;73;41;5;7;1;2;0;0;0;1;1;0;1;0;0;0;4;0;3;6;0;2;2;2;0;4;0;0;0;5;0;2;4;0;1;0;0;6;0;0;0;2;0;0;2;0;0;1;0;0;0;1;2;0;0;2;0;1;0;0;0;0;1;0;1;0;0;0;0;0;0;0;0;1;0;2;0;0;0;0;0;0;0;0;0;0;0;0;0;0;0;5;4;2;0;0;0;0;0;1;1;1;1;0;2;0;1;0;2;1;0;6;0;0;0;3;2;0;0;0;0;0;4;0;0;0;3;0;0;0;0;0;1;0;1;0;0;0;0;0;0;0;0;0;0;0;0;0;0;0;0;0;0;0;0;0;0;0;0;0;0;0;0;0;0;0;0;0;0;1;0;0;0;1;14;0;0;0;0;0;2;0;0;0
"2018-12-03";4;9;6;16;16;11;11;3;6;2;0;0;0;30;54;10;5;3;0;0;0;0;3;1;0;3;0;0;0;0;0;0;0;0;3;1;3;0;1;0;2;2;14;0;4;3;0;0;0;0;15;0;1;0;1;0;0;0;0;0;0;0;0;0;1;0;0;0;0;1;0;1;0;0;0;0;2;0;0;0;0;1;0;0;0;0;0;0;0;0;0;0;0;0;0;0;0;0;0;0;0;0;0;0;0;18;14;0;0;0;0;0;0;0;1;0;0;1;0;0;0;0;0;0;2;0;1;0;7;0;0;0;3;1;1;0;0;0;0;1;0;1;0;0;0;6;0;0;0;0;0;0;0;0;0;0;0;0;0;0;0;0;0;0;0;0;0;0;0;0;0;0;0;0;0;0;0;0;0;0;0;0;0;0;0;3;1;26;1;0;0;0;0;3;0;0;0
"2018-12-04";0;2;1;8;9;7;3;0;1;0;0;0;0;6;25;7;9;8;9;1;2;0;2;1;0;2;2;0;0;3;0;2;4;1;5;1;3;1;1;0;0;5;19;1;8;5;0;0;0;0;10;0;4;0;0;0;0;0;0;0;0;0;0;0;0;0;0;0;0;0;0;0;0;0;0;0;1;0;0;0;0;0;0;0;0;0;0;0;0;0;0;0;0;0;0;0;0;0;0;0;0;0;0;2;8;13;13;0;0;0;0;0;0;0;0;0;0;0;0;0;0;0;0;0;4;0;1;0;7;1;0;0;0;0;7;4;0;0;0;0;0;0;0;0;0;1;0;0;0;0;0;0;0;0;0;0;0;0;0;0;0;0;0;0;0;0;0;0;0;0;0;0;0;0;0;0;0;0;0;0;0;0;1;0;0;3;2;16;0;3;0;0;0;3;0;0;0
"2018-12-05";2;9;8;28;36;22;12;5;2;0;0;0;0;54;70;7;12;8;5;1;2;2;1;1;2;0;2;1;0;4;0;4;6;0;2;1;6;1;5;0;1;5;18;3;9;2;1;0;0;0;13;0;6;0;0;1;0;0;0;0;0;1;0;0;0;0;0;0;0;1;1;0;0;0;0;0;0;0;0;0;1;0;3;0;0;0;0;0;0;0;0;0;0;0;0;0;0;0;0;2;0;0;0;1;8;21;17;0;0;0;0;0;0;0;0;0;0;0;1;0;0;0;0;0;6;0;0;1;5;2;0;0;2;1;12;3;0;0;0;0;0;1;0;0;0;5;0;0;0;0;0;0;0;0;0;0;0;0;0;0;0;0;0;0;0;0;0;0;0;0;0;0;0;0;0;0;0;0;0;0;0;0;0;0;0;5;1;37;1;0;1;0;0;4;1;0;0
"2018-12-06";27;3;3;6;25;7;1;0;0;0;0;0;0;44;28;1;1;1;0;0;0;0;0;3;2;1;0;0;0;2;1;0;0;1;1;0;1;0;0;0;0;0;2;1;0;2;0;0;0;0;1;0;2;0;0;0;0;0;0;0;0;0;0;0;0;0;0;0;0;0;0;1;0;0;0;0;2;1;5;1;0;0;4;0;0;2;0;1;0;0;0;0;1;0;0;0;0;0;0;0;0;0;0;0;1;2;1;0;0;0;0;0;0;0;0;0;0;0;0;0;0;0;0;0;1;0;0;0;0;0;1;0;1;0;1;1;0;0;0;0;0;0;0;0;0;0;0;0;0;0;0;0;0;0;0;0;0;0;0;0;0;0;0;0;0;0;0;0;0;0;0;0;0;0;0;0;0;0;0;0;0;0;0;3;0;2;1;3;0;0;0;0;0;0;0;0;0
"2018-12-07";19;4;5;14;21;16;6;3;2;1;0;0;0;48;43;7;12;6;3;1;3;0;2;2;0;0;0;0;0;4;1;0;2;5;4;0;1;1;8;1;2;4;4;0;10;3;0;0;0;0;11;0;3;0;1;0;0;0;0;0;1;1;0;0;0;0;0;0;0;1;1;0;0;0;0;0;1;0;1;1;0;0;0;0;1;1;0;0;1;0;0;1;0;0;1;0;0;0;0;0;0;0;0;1;5;10;9;0;0;1;0;0;0;0;0;0;0;0;1;0;0;0;0;0;3;0;0;1;4;6;0;0;0;1;6;1;0;0;0;1;0;0;0;0;0;0;0;0;0;2;0;0;0;0;0;0;0;0;0;0;0;0;0;0;0;0;0;0;0;0;0;0;0;0;0;0;0;0;0;0;0;0;5;0;0;4;1;20;0;0;1;0;0;2;0;0;0
"2018-12-08";47;3;3;8;4;6;8;6;4;1;1;0;0;62;29;3;4;3;1;0;1;0;1;0;0;3;0;1;0;4;2;0;1;4;1;0;6;3;0;0;0;0;4;1;3;4;0;0;0;0;2;0;8;0;0;0;0;0;0;0;0;0;0;0;0;0;0;0;0;0;0;0;0;0;0;0;0;0;0;0;0;0;0;0;0;0;0;0;0;0;0;0;0;0;0;0;0;0;0;1;0;0;0;0;0;9;3;0;0;1;1;0;0;0;0;0;0;0;0;0;0;0;0;0;2;0;1;1;4;6;0;0;0;0;4;0;0;0;0;2;0;0;0;0;0;0;0;0;0;0;0;0;0;0;0;0;0;0;0;0;0;0;0;0;0;0;0;0;0;0;0;0;0;0;0;0;0;0;0;0;0;0;2;1;0;0;2;6;0;1;0;1;0;1;0;0;0
"2018-12-10";34;4;7;6;25;20;12;6;2;1;1;2;0;56;64;5;5;3;2;0;0;0;1;0;0;2;0;0;0;1;0;0;2;1;0;0;3;1;2;0;0;0;10;0;2;1;0;0;0;0;12;0;4;0;0;0;0;0;0;0;0;0;0;0;0;0;0;0;0;0;0;0;0;0;0;0;0;0;0;0;0;0;1;0;0;0;0;0;0;0;0;0;0;0;0;0;0;0;0;0;0;0;0;1;0;16;15;0;1;3;0;0;0;0;0;0;0;0;0;0;0;0;0;0;1;0;0;3;3;0;1;0;0;0;2;1;0;0;0;1;0;0;0;0;0;0;0;0;0;0;0;0;0;0;0;0;0;0;0;0;0;0;0;0;0;0;0;0;0;0;0;0;0;0;0;0;0;0;0;0;0;0;0;0;0;2;5;22;1;0;0;0;0;3;0;0;0
"2018-12-12";1;0;0;0;1;0;1;0;0;0;0;0;0;0;3;8;17;14;5;2;2;0;1;1;0;1;2;0;0;11;0;0;4;2;3;4;7;7;1;0;0;5;17;1;10;14;0;0;0;0;18;0;6;0;2;0;1;0;0;0;1;0;0;0;0;0;1;0;1;1;3;0;0;0;0;0;2;0;0;2;0;0;2;0;0;0;0;0;1;0;2;0;2;0;0;0;0;0;0;0;0;0;0;1;0;17;8;0;0;1;0;0;0;0;0;0;0;1;1;0;0;2;3;0;2;0;1;1;7;2;0;0;0;1;6;3;0;0;0;0;0;1;0;0;0;2;0;1;0;1;0;0;0;1;0;0;0;0;0;0;0;0;0;0;0;0;0;0;0;0;0;0;0;0;0;0;0;0;0;0;0;0;1;3;0;4;1;30;0;0;2;0;0;4;0;0;0
"2018-12-13";3;4;10;11;18;13;12;6;1;0;0;0;0;28;50;6;6;10;3;0;0;0;1;5;0;0;0;0;0;0;0;1;2;1;6;1;4;2;2;0;0;1;9;1;7;6;0;0;0;0;6;0;4;0;0;0;0;0;0;0;0;0;0;0;0;0;0;0;0;0;0;1;0;0;0;0;0;0;0;0;0;0;1;0;0;0;0;0;0;0;0;0;0;0;0;0;0;0;0;0;0;0;0;1;3;17;8;0;0;1;0;0;0;0;0;0;0;0;0;0;0;0;0;0;5;0;0;0;2;0;0;0;0;1;3;0;0;0;0;2;0;0;0;0;0;0;0;0;0;0;0;0;0;0;0;0;0;0;0;0;0;0;0;0;0;0;0;0;0;0;0;0;0;0;0;0;0;0;0;0;0;0;1;1;0;9;2;29;0;0;0;0;0;2;0;0;0
"2018-12-14";2;1;1;7;20;19;15;12;4;3;1;0;0;19;66;5;5;8;7;0;1;0;0;1;0;0;1;1;0;1;0;3;0;0;0;1;9;1;3;0;0;2;11;1;1;4;0;0;0;0;9;0;3;0;0;0;0;0;1;0;0;0;0;0;0;0;0;0;0;1;0;0;0;0;0;0;0;0;0;2;0;0;0;0;0;0;0;0;0;0;0;0;0;0;0;0;0;0;0;0;1;1;0;3;7;21;16;0;0;3;0;0;0;0;0;1;0;0;1;0;1;0;0;0;4;0;1;0;9;0;0;0;1;0;4;1;0;0;0;1;0;1;0;0;0;0;0;0;0;0;0;0;0;0;1;0;0;0;0;0;0;0;0;0;0;0;0;0;0;0;0;0;0;0;0;0;0;0;0;0;0;0;1;0;0;1;1;22;1;0;0;0;1;2;0;0;0
"2018-12-15";7;4;14;23;16;10;2;3;3;0;1;0;0;36;47;5;5;4;1;3;0;0;0;0;0;2;2;2;0;3;0;5;3;2;1;2;4;3;0;1;1;0;8;0;2;4;0;0;0;0;7;0;1;0;0;0;1;0;0;0;0;0;0;1;0;0;0;0;0;1;0;0;0;0;0;0;0;0;0;0;0;0;0;0;1;0;0;0;0;0;0;0;0;0;0;0;0;0;0;3;0;0;0;0;3;6;7;0;0;1;0;1;0;0;0;0;1;0;1;0;0;0;0;0;5;0;2;0;4;2;0;0;0;0;1;0;0;0;0;0;0;0;0;0;0;0;0;1;0;1;0;0;0;1;0;0;0;0;0;0;0;0;0;0;0;0;0;0;0;0;0;0;0;0;0;0;0;0;0;0;0;0;3;1;0;1;2;5;0;0;0;0;0;0;0;0;0
"2018-12-17";0;1;3;4;18;15;9;9;4;1;0;0;0;22;42;9;8;7;3;0;1;0;2;0;0;5;0;0;0;4;0;4;1;1;1;3;3;2;1;0;1;2;18;1;3;4;0;0;0;0;17;0;2;0;0;0;0;1;0;0;0;0;0;0;0;0;0;0;1;0;0;0;0;0;0;0;0;0;0;0;0;0;1;0;0;0;0;0;0;0;0;0;0;0;0;0;0;0;0;0;0;0;0;1;4;20;18;0;0;0;0;0;0;0;0;0;0;0;1;1;0;0;1;0;2;0;0;2;8;0;0;0;0;0;4;0;0;0;0;0;0;0;0;0;0;4;0;0;0;0;0;0;0;0;0;0;0;0;0;0;0;0;0;0;0;0;0;0;0;0;0;0;0;0;0;0;0;0;0;0;0;0;2;0;0;9;1;34;1;0;0;2;1;3;0;0;0
"2018-12-18";2;5;13;17;24;17;7;5;2;2;3;1;0;37;61;13;6;6;0;0;1;2;1;0;0;0;0;2;0;7;0;6;3;1;1;1;5;3;2;0;0;1;15;0;3;4;0;0;0;0;15;0;4;0;0;0;0;0;0;0;0;0;0;0;0;0;0;0;0;0;1;0;0;0;0;0;1;0;0;0;0;0;1;0;1;0;1;0;0;0;0;0;0;1;0;0;0;0;0;1;0;0;0;0;5;18;15;0;0;1;0;0;0;0;0;0;0;0;0;0;0;0;0;0;0;0;1;1;8;1;0;0;0;0;2;1;0;0;0;2;0;0;0;0;0;4;0;1;0;0;0;0;1;1;0;0;0;0;0;0;0;0;0;0;0;0;0;0;0;0;0;0;0;0;0;0;0;0;0;0;0;0;0;0;1;5;4;21;2;1;1;0;0;3;0;0;0
"2018-12-19";0;2;1;9;18;21;9;3;2;0;0;0;0;27;38;1;5;5;1;2;0;1;0;0;0;2;0;0;0;2;1;5;2;1;1;0;5;0;1;0;0;2;4;3;1;1;0;0;0;0;9;0;3;0;0;0;2;0;0;0;1;1;0;0;0;2;0;0;0;0;2;0;0;0;0;0;1;0;1;0;0;0;0;0;1;0;0;0;1;0;0;0;0;0;0;0;0;0;0;0;0;0;0;1;6;21;15;0;0;1;0;0;0;0;1;0;0;0;1;1;0;0;1;1;6;0;1;0;4;1;0;0;4;0;1;0;0;0;0;0;0;0;0;0;0;3;0;0;0;0;0;0;2;1;0;0;0;0;0;0;0;0;0;0;0;0;0;0;0;0;0;0;0;0;0;0;0;0;0;0;0;0;0;5;0;4;1;27;0;1;0;0;0;3;0;0;0
"2018-12-20";2;3;11;36;31;17;17;8;4;1;1;1;0;73;59;0;0;0;0;0;0;0;0;0;0;0;1;1;0;1;2;1;0;0;0;0;1;0;0;0;0;0;1;0;1;0;0;0;0;0;0;0;0;0;0;0;0;0;0;0;0;0;0;0;0;0;0;0;0;0;0;0;0;0;0;0;1;0;1;0;0;0;0;0;0;0;0;0;0;0;0;0;0;0;0;0;0;0;0;0;0;0;0;2;0;15;10;0;0;1;0;0;0;0;0;0;0;0;0;0;0;0;0;0;2;0;0;0;5;1;0;0;0;0;0;0;0;0;0;0;0;0;0;0;0;0;0;0;0;0;0;0;0;0;0;0;0;0;0;0;0;0;0;0;0;0;0;0;0;0;0;0;0;0;0;0;0;0;0;0;0;0;2;0;0;1;1;15;0;0;0;0;0;1;0;0;0
"2018-12-21";0;2;13;12;25;15;17;7;2;1;0;1;0;44;51;5;9;7;2;1;2;1;0;0;0;1;0;0;0;1;0;1;1;3;1;0;3;2;2;5;0;1;12;2;5;8;0;0;0;0;5;0;3;0;0;0;0;0;0;0;0;0;0;0;0;0;0;0;0;0;0;0;0;0;0;0;0;0;0;0;1;0;1;0;0;0;0;1;1;0;0;0;0;0;0;0;0;0;0;0;0;0;0;1;7;18;12;0;0;0;0;0;0;0;0;0;0;0;0;0;0;0;0;1;11;0;1;1;5;1;0;0;0;1;3;0;0;0;0;1;0;0;0;0;0;4;0;0;0;1;0;0;0;0;0;3;0;0;0;0;0;0;0;0;0;0;0;0;0;0;0;0;0;0;0;0;0;0;0;0;0;0;1;0;0;4;3;30;0;3;1;1;0;1;0;0;0
"2018-12-22";0;1;4;5;10;6;2;1;0;0;0;0;0;13;16;2;2;0;1;0;0;0;1;2;0;0;0;0;0;1;0;0;0;0;0;1;1;0;1;0;0;0;2;1;1;0;0;0;0;0;2;0;1;0;0;0;0;0;0;0;0;0;0;0;0;0;0;0;0;0;0;0;0;0;0;0;0;0;0;0;0;0;1;0;0;0;0;0;0;0;0;0;0;0;0;0;0;0;0;0;0;0;0;1;0;3;4;0;1;0;0;0;0;0;0;0;0;0;0;0;0;0;0;0;2;0;0;0;2;3;0;0;2;0;0;0;0;0;0;1;0;1;0;0;0;0;0;0;0;0;0;0;0;0;0;0;0;0;0;0;0;0;0;0;0;0;0;0;0;0;0;0;0;0;0;0;0;0;0;0;0;0;0;0;1;1;0;13;1;0;1;0;0;0;0;0;0
"2018-12-24";0;3;3;7;2;11;4;6;0;2;1;1;0;18;22;3;2;0;2;0;1;1;1;1;0;0;0;0;0;1;0;1;0;0;0;0;5;0;1;0;1;1;4;1;3;3;0;0;0;0;1;0;2;0;0;0;0;0;0;0;0;0;0;0;0;0;0;0;0;0;0;0;0;0;0;0;0;0;0;1;0;1;1;0;0;0;0;0;0;0;0;0;0;0;0;0;0;0;0;0;1;0;0;0;3;1;3;0;0;1;0;0;0;0;0;0;0;0;0;0;0;0;0;0;2;0;0;0;1;0;0;0;1;1;1;1;0;0;0;0;0;0;0;0;0;0;0;0;0;0;0;0;0;0;0;1;0;0;0;0;0;0;0;0;0;0;0;0;0;0;0;0;0;0;0;0;0;0;0;0;0;0;0;3;0;0;0;2;0;0;0;0;1;0;0;0;0
"2018-12-26";3;0;4;8;9;11;5;8;6;3;2;1;0;16;44;3;2;3;0;0;1;1;1;1;0;0;0;0;0;0;0;1;1;2;0;0;3;5;0;0;0;0;5;0;4;4;0;0;0;0;1;0;1;0;1;0;1;0;1;0;1;1;0;0;0;1;0;0;0;2;0;0;0;0;0;0;0;0;0;0;0;0;0;0;0;0;0;0;0;0;0;0;0;0;0;0;1;0;0;0;0;0;0;1;0;12;11;0;0;1;0;0;1;0;0;1;0;1;2;0;0;0;1;0;1;0;0;0;3;2;0;0;1;0;2;2;0;0;0;0;0;2;0;0;0;0;0;0;0;0;4;0;0;0;0;0;0;0;0;0;0;0;0;0;0;0;0;0;0;0;0;0;0;0;0;0;0;0;0;0;0;0;0;0;0;3;1;19;0;0;1;1;0;1;0;0;0
"2018-12-27";2;3;12;12;15;18;9;4;4;2;3;0;0;34;50;2;12;6;4;1;0;0;1;1;0;0;0;0;0;0;0;4;1;2;0;0;6;4;1;0;1;1;7;3;5;1;0;0;0;0;9;0;5;0;0;0;1;0;0;0;0;1;0;0;0;0;0;1;0;0;1;0;0;0;0;0;0;0;0;0;0;0;0;0;0;0;0;0;0;0;0;0;0;0;0;0;0;0;0;0;0;0;0;1;5;7;8;0;0;1;0;0;0;0;0;0;0;0;1;0;0;0;1;0;3;0;0;0;3;3;0;0;1;0;3;2;0;0;0;0;0;0;0;0;0;1;1;0;0;0;0;0;0;0;0;1;0;0;0;0;0;0;1;0;0;0;0;0;0;0;0;0;0;0;0;0;0;0;0;0;0;0;2;0;0;7;1;21;1;0;0;0;0;1;1;0;0
"2018-12-28";1;3;7;7;10;19;7;4;0;3;1;1;0;29;34;3;3;1;1;1;0;0;0;1;0;0;0;0;0;1;0;2;1;1;1;0;1;0;3;0;0;1;6;0;1;0;0;0;0;0;7;0;2;0;0;0;0;0;0;0;0;0;0;0;0;0;0;0;0;0;0;1;0;0;0;0;0;1;0;0;1;0;3;0;0;0;0;0;0;0;0;0;0;0;0;0;0;0;0;0;0;0;0;4;7;6;12;0;0;0;0;0;0;0;0;0;0;0;0;0;0;0;0;0;5;0;0;0;1;4;1;0;1;1;1;1;0;0;0;0;0;0;0;0;0;1;0;0;0;0;0;0;0;2;0;0;0;0;0;0;0;0;0;0;1;0;0;0;0;0;0;0;0;0;0;0;0;0;0;0;0;0;0;0;0;3;0;22;0;1;0;1;1;2;0;0;0
"2018-12-29";4;2;3;9;5;3;1;0;0;0;0;1;0;9;19;6;8;2;1;0;1;0;4;2;0;0;0;0;0;4;0;3;0;1;0;0;4;1;11;0;2;0;2;0;7;1;0;0;0;0;3;0;1;0;0;0;0;0;1;0;0;0;0;0;0;0;0;0;0;1;0;0;0;0;0;0;0;0;0;0;0;0;0;0;0;0;0;1;0;0;0;0;0;0;0;0;0;0;0;0;0;0;0;0;4;1;0;0;0;0;0;0;0;0;1;0;0;0;0;1;0;0;0;0;4;0;0;0;0;2;0;0;0;1;6;0;0;0;0;1;0;0;0;0;0;0;0;0;0;0;2;0;0;0;0;1;0;0;0;1;0;0;0;0;0;0;0;0;0;0;0;0;0;0;0;0;0;0;0;0;0;0;1;0;0;0;0;9;0;0;0;0;0;1;0;0;0
"2018-12-31";1;2;4;6;7;6;6;4;3;0;0;0;0;18;21;3;8;1;2;0;0;1;0;0;0;0;0;0;0;1;0;1;1;0;3;1;1;1;0;0;0;2;5;0;1;3;0;0;0;0;2;0;1;0;0;0;0;0;0;0;0;0;0;0;0;0;0;0;0;0;0;0;0;0;0;0;0;0;0;0;0;0;2;0;0;0;0;0;0;0;0;0;0;0;0;0;0;0;0;0;0;0;0;0;3;9;6;0;0;7;0;0;0;0;0;0;0;0;0;0;0;0;0;0;4;0;0;0;3;0;0;0;0;0;2;0;0;0;0;0;0;0;0;0;0;0;0;0;0;0;0;0;0;0;0;0;0;0;0;0;0;0;0;0;0;1;0;0;0;0;0;0;0;0;0;0;0;0;0;0;0;0;0;0;0;1;1;1;1;0;0;0;0;0;0;0;0
"2019-01-02";2;5;4;15;19;10;8;2;2;0;0;0;0;36;31;2;3;1;4;0;1;0;0;0;0;0;0;0;0;0;0;1;0;1;0;0;3;0;0;0;0;2;4;0;1;0;0;0;0;0;7;0;2;0;0;0;0;1;0;0;0;1;0;0;0;0;0;0;0;1;0;0;0;0;0;0;0;0;0;0;0;0;0;0;0;0;0;1;0;0;0;0;0;0;0;0;0;0;0;0;0;0;0;1;0;10;14;0;0;0;0;0;0;0;0;0;0;0;1;0;0;0;1;0;4;0;1;1;5;2;0;0;2;1;1;1;0;0;0;0;0;0;0;0;0;0;1;0;0;0;1;0;0;0;0;1;0;0;0;0;0;0;1;0;0;0;0;0;0;0;0;0;0;0;0;0;0;0;0;0;0;0;0;0;0;2;2;22;0;0;1;0;0;0;0;0;0
"2019-01-03";2;6;9;11;13;16;13;5;3;2;1;0;0;22;59;9;7;5;3;1;2;0;0;0;0;0;2;0;0;2;0;5;0;1;0;3;3;2;4;0;1;2;13;0;2;4;0;0;0;0;8;0;4;0;0;2;0;0;0;0;1;1;0;0;0;1;0;0;0;1;0;0;0;0;0;0;0;1;0;1;0;0;0;0;0;0;0;0;0;0;0;0;0;0;0;0;0;0;0;0;0;0;0;0;7;11;6;0;0;0;0;0;1;0;0;0;1;0;0;1;0;0;1;0;2;0;0;2;4;0;0;0;0;1;4;1;0;0;0;0;0;1;0;0;0;0;0;0;0;0;0;0;0;0;0;0;0;0;0;0;0;0;0;0;0;0;0;0;0;0;0;0;0;0;0;0;0;0;0;0;0;0;0;2;0;5;1;16;0;1;0;1;0;0;0;0;0
"2019-01-04";0;2;5;12;20;20;11;3;4;1;0;0;0;28;50;9;9;4;2;1;0;0;1;0;0;0;0;0;0;0;1;0;2;1;3;0;5;5;2;0;0;4;3;0;9;1;0;0;0;0;4;0;1;0;0;0;0;0;0;0;0;0;0;0;0;0;0;0;0;0;0;0;0;0;0;0;1;0;0;0;0;0;0;0;0;0;0;0;0;0;0;0;0;0;0;0;0;0;0;0;0;0;0;2;5;16;8;0;0;0;0;0;0;0;0;0;0;0;0;0;0;0;0;0;10;0;4;1;5;1;1;0;0;0;5;0;0;0;0;2;0;0;0;0;0;0;0;0;0;0;0;0;0;0;0;0;0;0;0;0;0;0;0;0;0;0;0;0;0;0;0;0;0;0;0;0;0;0;0;0;0;0;0;2;0;1;0;17;1;0;0;0;0;1;1;0;0
"2019-01-05";1;0;4;6;9;12;7;5;0;3;1;0;0;18;30;1;2;1;1;1;0;0;0;0;0;0;1;0;0;0;0;0;0;0;1;0;0;1;0;0;0;0;4;0;3;0;0;0;0;0;0;0;0;0;0;0;2;1;0;0;2;0;0;0;0;0;2;0;0;1;0;0;0;0;0;0;0;0;0;0;0;0;1;0;0;0;0;0;0;0;0;0;0;0;0;0;0;0;0;0;0;0;0;0;0;5;3;0;0;0;0;1;0;0;1;0;0;0;1;1;0;2;1;0;5;0;0;0;0;0;0;0;0;1;2;0;0;0;0;0;0;0;0;0;0;0;0;0;0;0;0;0;0;0;0;0;0;0;0;0;0;0;0;0;0;1;0;0;0;0;0;0;0;0;0;0;0;0;0;0;0;0;0;0;0;0;1;3;2;0;0;0;0;0;0;0;0
"2019-01-08";0;1;3;6;20;12;12;9;7;2;0;0;0;20;52;17;4;4;1;3;0;1;0;0;1;0;0;0;0;0;1;1;2;0;0;1;4;3;2;0;0;1;15;1;6;4;0;0;0;0;6;0;1;0;0;1;0;1;0;0;2;1;0;0;0;1;0;0;0;1;0;0;0;0;0;0;1;0;0;0;0;0;0;0;0;0;0;0;0;0;0;0;0;0;0;0;0;0;0;0;0;0;0;3;5;12;9;0;0;0;0;0;0;0;0;0;0;0;0;0;0;0;1;0;3;0;0;0;3;0;0;0;0;0;5;1;0;0;0;1;0;0;0;0;0;0;0;0;0;0;0;0;0;0;0;0;0;0;0;0;0;0;0;0;0;0;0;0;0;0;0;0;0;0;0;0;0;0;0;0;0;0;0;0;0;10;0;20;0;0;0;0;0;0;0;0;0
"2019-01-09";0;1;5;13;23;11;8;5;3;1;0;1;0;31;40;6;10;8;4;1;2;1;1;0;0;1;1;0;0;4;0;1;1;1;2;3;9;1;1;0;0;1;11;1;4;1;0;0;0;0;13;0;4;0;0;0;0;0;0;0;0;0;0;0;0;0;0;0;0;0;1;0;0;0;0;1;0;1;0;1;0;0;0;0;0;0;0;0;0;0;0;0;0;0;0;0;0;0;0;0;0;0;0;0;5;3;10;0;0;2;0;0;0;0;0;0;0;0;0;0;0;0;0;0;0;0;0;0;2;1;0;0;0;0;6;0;0;0;0;0;0;1;0;0;0;1;0;0;1;0;0;0;0;0;0;0;0;0;0;0;0;0;0;0;0;0;0;0;0;0;0;0;0;0;0;0;0;0;0;0;0;0;1;2;0;3;2;25;2;1;0;0;0;1;0;0;0
"2019-01-10";2;2;3;12;16;23;19;8;3;2;0;0;0;36;54;9;16;3;0;1;0;0;1;0;0;0;0;0;0;3;0;3;1;0;3;3;4;5;5;0;0;1;6;4;8;5;0;0;0;0;3;0;5;0;0;0;2;0;0;0;0;0;0;0;0;0;0;1;0;1;0;1;0;0;0;0;0;0;0;0;0;0;2;0;1;0;0;0;0;0;0;0;0;0;0;0;0;0;1;0;0;0;0;1;5;20;5;0;0;4;0;0;0;0;0;0;0;1;1;0;0;2;0;1;3;0;1;0;3;0;4;0;1;0;4;1;0;1;0;0;0;1;0;0;0;0;0;0;0;0;0;0;0;0;0;0;0;0;0;0;0;0;0;0;0;0;0;0;0;0;0;0;0;0;0;0;0;0;0;0;0;0;0;1;0;6;4;31;0;1;1;0;2;3;0;0;0
"2019-01-11";1;2;4;10;22;13;12;5;7;1;0;0;0;36;41;4;7;4;4;3;3;1;1;3;0;0;0;0;0;5;0;4;0;1;1;3;2;0;5;2;1;3;9;0;5;3;0;0;0;0;9;0;6;0;0;0;1;1;0;0;0;0;0;0;0;1;0;1;0;0;1;0;0;0;0;0;1;0;0;0;0;0;0;0;1;0;0;0;0;0;0;0;0;0;0;0;0;0;0;0;0;0;0;1;9;16;14;0;0;2;0;0;0;0;1;0;2;2;0;0;0;1;0;1;8;0;1;0;7;1;0;0;1;1;4;3;0;0;0;1;0;0;0;0;0;0;0;0;0;0;0;0;0;0;0;0;0;0;0;0;0;0;0;0;0;0;0;0;0;0;0;0;0;0;0;0;0;0;0;0;0;0;1;0;0;6;0;34;1;0;2;3;0;5;2;0;0
"2019-01-12";0;1;9;14;22;15;12;8;3;2;0;0;0;39;47;7;8;6;4;1;0;0;1;2;0;4;0;0;0;4;1;3;2;2;1;0;9;3;5;0;1;1;6;0;9;10;0;0;0;0;4;0;0;0;0;1;0;1;0;0;1;0;0;0;0;1;0;1;0;0;0;0;0;0;0;0;0;0;0;0;0;0;1;0;0;0;0;0;1;0;0;0;0;0;0;0;0;0;0;0;0;0;0;0;5;3;5;0;0;0;0;0;0;0;0;0;2;2;0;0;0;1;0;0;0;0;0;0;4;2;0;0;1;0;1;0;0;0;0;0;0;0;0;0;0;1;0;1;1;0;0;0;0;0;0;0;1;0;0;0;0;0;0;0;0;0;0;0;0;0;0;0;0;0;0;0;0;0;0;0;0;0;3;0;0;2;1;17;0;2;0;0;2;1;2;0;0
"2019-01-14";2;5;10;28;34;27;18;8;2;0;1;0;0;64;71;8;11;5;7;1;0;0;2;6;0;0;0;1;0;0;0;0;3;4;2;2;8;1;1;0;5;6;13;0;7;2;0;0;0;0;15;0;3;0;0;0;1;0;0;0;0;0;0;0;0;0;0;0;1;0;3;2;0;0;0;0;3;0;0;0;1;0;0;0;0;0;0;0;0;0;0;0;0;0;0;0;0;0;0;0;0;0;0;0;9;10;11;0;0;1;0;0;0;0;0;0;0;0;1;0;0;0;1;0;2;0;2;0;4;0;0;0;0;0;4;1;0;1;0;0;0;1;0;0;0;7;0;0;0;0;0;0;0;0;0;0;0;0;0;0;0;0;0;0;0;0;0;1;0;0;0;0;0;0;0;0;0;0;0;0;0;0;0;0;0;3;3;32;0;2;1;0;1;0;0;0;0
"2019-01-15";0;2;8;11;22;26;16;9;8;2;1;1;0;52;54;12;6;2;4;2;0;0;0;0;0;2;0;0;0;1;1;2;1;0;5;1;8;1;1;0;0;1;19;0;5;3;0;0;0;0;13;0;2;0;0;0;0;0;0;0;0;0;0;0;0;0;0;0;0;0;0;0;0;0;0;0;0;0;0;0;0;0;1;0;1;0;1;0;0;0;0;0;0;0;0;0;0;0;0;0;0;0;0;2;7;21;14;0;0;1;0;0;0;0;0;0;0;0;0;0;0;0;0;0;2;0;1;2;5;3;2;0;3;0;5;1;0;0;0;0;0;0;0;0;0;11;0;0;0;0;0;0;0;0;0;0;0;0;0;0;0;0;2;0;0;0;0;0;0;0;0;0;0;0;0;0;0;0;0;0;0;0;1;0;0;3;4;27;0;1;0;1;0;3;1;0;0
"2019-01-16";1;4;8;11;8;9;12;6;2;5;4;0;0;27;43;15;11;8;2;3;0;0;3;1;1;2;0;0;0;6;1;3;2;3;0;0;11;1;1;0;1;4;21;0;4;2;0;1;0;0;18;0;9;0;0;0;0;0;0;0;0;0;0;0;0;0;0;0;0;0;0;0;0;0;0;0;2;0;0;0;0;0;0;0;0;0;1;0;0;0;0;0;0;0;0;0;0;0;0;3;0;0;0;0;9;11;16;0;0;2;0;0;0;0;0;0;0;0;0;0;0;0;0;0;3;0;0;2;8;1;0;0;1;2;6;1;0;0;0;0;0;2;0;0;0;7;0;1;0;0;0;0;0;3;0;0;0;0;0;0;0;0;0;0;0;0;0;0;0;0;0;0;0;0;0;0;0;0;0;0;0;0;0;0;0;3;1;39;1;0;2;1;1;3;0;0;0
"2019-01-17";2;3;10;13;19;8;10;8;2;0;1;0;0;16;60;11;10;10;4;2;1;0;2;0;0;0;0;0;0;1;0;1;1;3;0;1;7;5;0;0;3;4;10;0;5;5;1;0;0;0;14;0;2;0;0;0;0;0;0;0;0;0;0;0;0;0;0;0;0;0;1;0;0;0;0;0;0;0;0;0;1;0;1;0;3;0;0;0;2;0;0;0;0;0;0;0;0;0;0;0;0;0;0;1;3;23;10;0;1;6;0;0;0;0;0;0;0;0;0;0;0;0;0;1;2;0;4;2;6;1;1;0;0;0;5;1;0;0;0;3;0;0;0;0;0;2;0;0;0;0;0;0;0;0;0;0;0;0;0;0;0;0;0;0;0;0;0;0;0;0;0;0;0;0;0;0;0;0;0;0;0;0;2;1;0;4;1;25;0;2;0;0;0;3;0;0;0
"2019-01-18";0;0;8;17;19;12;12;5;5;1;0;1;0;36;44;13;4;4;5;4;1;1;1;0;0;0;2;0;0;2;0;5;0;2;2;3;6;3;4;0;1;5;21;1;9;4;0;0;0;0;18;0;4;0;0;1;0;0;0;0;0;0;0;0;1;0;0;0;0;1;0;0;0;0;0;0;0;0;0;0;0;0;2;0;0;0;0;0;0;0;0;0;0;0;0;0;0;0;0;0;0;0;0;1;5;16;19;0;0;3;0;0;0;0;0;0;1;1;0;0;0;0;0;0;2;0;2;4;12;2;0;0;0;0;7;4;0;0;0;1;0;3;0;0;0;10;1;0;0;0;0;0;0;0;0;0;0;0;0;0;1;0;3;0;0;0;0;0;1;0;0;0;0;0;0;0;0;0;0;0;0;0;0;0;0;4;3;39;2;3;1;1;0;2;0;0;0
"2019-01-19";0;4;10;12;17;13;6;4;1;1;2;1;1;29;43;10;5;3;2;2;1;1;2;1;1;2;1;0;0;5;0;4;8;3;2;3;1;0;2;1;0;0;9;1;8;4;0;0;0;0;10;0;1;0;0;0;2;0;0;0;0;1;0;0;0;1;0;0;0;0;0;1;0;0;0;0;0;0;0;0;0;0;1;0;0;1;0;0;0;0;0;0;0;0;0;0;0;0;0;0;0;0;0;0;5;0;3;0;0;0;0;0;0;0;0;0;0;1;1;1;1;0;0;0;2;0;0;1;2;0;0;0;0;1;3;1;0;0;0;0;0;1;0;0;0;1;0;0;0;0;0;0;0;0;0;0;0;0;0;0;0;0;0;1;0;0;0;0;0;0;0;0;0;0;0;0;0;0;0;0;0;0;0;0;0;0;2;18;0;0;0;1;0;0;1;0;0
"2019-01-21";0;1;4;9;16;26;23;3;2;0;1;0;0;26;59;20;11;7;2;1;3;0;2;1;0;2;0;0;0;1;1;0;1;1;1;2;13;1;0;0;1;1;23;0;8;6;0;0;0;0;19;0;2;0;0;0;0;0;0;0;0;0;0;0;0;0;0;0;0;0;1;0;0;0;0;0;0;0;1;1;0;0;2;0;0;0;1;0;0;0;1;0;0;0;0;0;0;0;0;0;0;0;0;2;4;15;8;0;0;1;0;0;0;0;0;0;0;0;0;0;0;0;0;1;2;0;2;0;5;0;1;0;1;0;8;2;0;0;0;0;0;0;0;0;0;0;0;1;0;0;0;0;0;0;0;0;0;0;0;0;0;0;0;0;0;0;0;0;0;1;0;0;0;0;0;0;0;0;0;0;0;0;1;2;1;5;0;24;1;0;0;0;0;1;0;0;0
"2019-01-22";1;3;5;14;24;24;15;10;2;1;0;0;0;28;71;11;15;8;5;1;2;0;1;1;0;3;0;0;0;1;0;1;3;5;1;3;8;3;1;0;0;1;15;0;5;2;0;0;0;0;15;0;9;0;0;0;1;0;0;0;1;0;0;0;0;0;1;0;0;0;0;0;0;0;0;0;1;1;2;1;0;0;0;0;1;0;1;0;0;0;0;0;0;0;0;0;1;0;0;0;0;0;0;2;12;12;18;0;0;0;0;0;0;0;0;0;0;0;1;1;0;0;0;0;2;0;3;0;6;4;0;0;1;1;11;2;0;0;0;0;0;0;0;0;0;2;0;0;0;0;0;0;0;0;0;0;0;0;0;0;0;0;0;0;0;0;0;0;0;0;0;0;0;0;0;0;0;0;0;0;0;0;0;0;0;3;1;24;2;2;0;0;0;1;0;0;0
"2019-01-23";3;4;7;15;16;26;20;7;3;1;1;0;0;36;67;11;11;7;4;2;0;0;3;1;1;4;2;1;0;2;0;6;5;2;2;2;4;2;2;0;1;6;16;0;7;6;0;0;0;0;15;0;13;0;0;0;0;0;0;0;0;0;0;0;0;0;0;0;0;0;1;0;0;0;0;0;3;2;0;1;0;0;1;0;3;0;1;0;0;0;0;0;0;0;1;0;0;0;0;1;0;0;0;2;9;13;11;0;0;0;0;0;0;0;0;0;0;0;0;0;0;0;0;0;2;0;0;2;10;1;0;0;0;0;2;3;0;0;0;0;0;1;0;0;0;0;0;0;1;0;0;0;0;0;0;0;0;0;0;0;0;0;0;0;0;0;0;0;0;2;0;0;0;0;0;0;0;0;0;0;0;0;0;2;0;8;3;35;2;1;1;0;0;6;0;0;0
"2019-01-24";3;0;6;7;20;23;12;7;6;1;1;0;0;37;49;11;19;3;3;1;0;0;2;0;0;0;0;0;1;2;1;3;0;1;0;0;8;2;2;0;3;1;23;1;8;6;0;0;0;1;7;0;5;0;0;1;0;0;0;0;0;0;0;0;0;0;0;0;0;1;2;0;0;0;0;0;1;0;0;0;0;0;3;0;0;0;0;0;1;0;0;0;0;0;1;0;1;0;0;0;0;0;0;1;8;18;18;0;0;1;0;0;0;0;0;0;0;1;1;0;0;0;1;0;4;0;1;2;4;1;0;0;0;1;4;1;0;0;0;1;0;1;0;0;0;2;0;1;0;0;0;0;0;1;0;0;0;0;0;0;1;0;1;0;0;0;0;0;0;0;1;0;0;0;1;0;0;0;0;0;0;0;1;1;0;4;0;35;1;1;0;1;0;1;0;0;0
"2019-01-25";1;3;10;14;12;11;7;8;7;0;0;0;0;38;35;7;10;4;2;0;0;0;4;1;0;3;2;0;2;6;1;2;2;3;4;0;4;1;3;0;0;2;7;0;4;4;0;0;0;0;11;0;1;0;0;0;0;0;0;0;0;0;0;0;0;0;0;0;0;0;1;0;0;0;0;1;0;0;0;1;0;0;2;0;1;0;1;0;1;0;0;0;0;0;0;0;0;0;0;0;0;1;0;3;4;17;21;0;1;4;1;0;0;0;0;0;0;0;0;0;0;0;0;0;3;0;1;3;8;4;0;0;0;2;2;1;0;0;0;0;0;2;0;0;0;0;0;0;0;0;0;0;0;0;0;0;0;0;0;0;0;0;0;0;0;0;0;0;0;2;2;0;0;0;1;0;0;0;0;0;0;0;0;1;0;8;0;31;2;0;1;0;2;4;0;0;0
"2019-01-26";4;2;10;21;20;8;2;3;0;1;0;0;0;36;35;10;1;2;2;0;2;0;1;1;0;1;1;0;0;6;0;3;2;1;0;1;3;0;6;0;1;1;8;1;5;3;0;0;0;0;4;0;2;0;0;0;0;0;0;0;0;0;0;0;0;0;0;0;0;0;1;0;0;0;0;0;0;0;0;0;0;0;2;0;0;0;0;0;0;0;0;0;0;0;1;0;0;0;0;1;0;0;0;0;5;2;4;0;0;1;0;0;0;0;0;0;0;0;0;0;0;0;0;0;3;0;1;0;1;1;0;0;1;0;2;2;0;0;0;2;0;2;0;0;0;2;0;0;1;1;0;0;0;0;0;0;0;0;0;0;0;0;1;0;0;0;0;0;0;2;1;0;0;0;1;0;0;0;0;0;0;0;0;0;1;3;0;9;0;0;0;1;0;0;3;0;0
"2019-01-28";0;3;11;10;14;19;15;8;2;2;3;1;0;24;64;13;10;6;3;1;3;0;1;1;0;0;1;0;0;1;1;0;2;1;2;5;6;1;3;0;0;2;21;1;3;8;0;0;0;0;23;0;1;0;0;0;0;1;0;0;0;0;1;0;0;0;0;0;0;0;1;0;0;0;0;1;1;0;0;0;0;1;3;0;0;1;1;0;0;0;0;1;0;3;3;0;0;0;0;0;1;0;0;0;4;19;11;0;0;4;1;0;0;0;0;0;0;1;1;0;0;0;0;0;0;0;1;4;5;5;0;0;0;0;5;0;0;0;0;0;0;0;0;0;0;8;0;0;1;0;0;0;0;0;0;0;0;0;0;0;0;0;0;1;0;0;0;0;0;1;0;0;0;0;2;0;0;0;0;0;0;0;0;0;0;5;3;29;2;2;0;2;0;3;0;0;0
"2019-01-29";2;1;3;12;19;24;7;2;4;2;0;0;0;35;41;12;9;4;6;2;1;0;3;0;0;0;0;1;0;2;1;4;4;5;2;0;4;0;3;0;1;7;7;2;5;3;0;0;0;0;13;0;4;0;0;0;0;0;0;0;0;0;0;0;0;0;0;0;0;0;0;0;0;0;0;1;1;0;1;0;0;0;0;0;1;0;0;0;0;0;0;0;0;0;0;0;0;0;0;1;0;0;0;0;5;14;11;0;0;8;0;0;0;0;0;0;0;0;0;0;0;0;0;0;3;0;2;0;5;1;0;0;0;0;5;1;0;0;0;1;0;0;0;0;0;2;0;0;0;0;0;0;0;0;0;0;0;0;0;0;0;0;0;0;0;0;0;0;0;0;3;0;0;0;5;0;0;0;0;0;0;0;0;0;0;5;2;32;0;1;1;0;0;2;0;0;0
"2019-01-30";1;5;2;9;16;27;9;16;5;0;0;0;0;45;45;7;15;5;4;2;0;1;1;2;0;2;0;0;0;2;1;4;2;0;3;2;9;0;0;0;0;6;19;1;10;1;0;0;0;0;13;0;4;0;0;0;3;0;0;0;2;0;0;0;0;2;0;1;0;0;2;0;0;0;1;0;3;0;2;0;1;0;2;0;0;0;0;0;0;0;1;0;0;0;0;0;1;0;0;0;0;0;0;1;5;15;8;0;1;2;0;1;0;0;1;1;0;0;2;0;0;0;1;0;5;0;1;2;4;1;0;0;0;1;7;0;0;0;0;0;0;1;0;0;0;9;0;2;1;0;0;0;0;1;0;0;0;0;0;0;0;0;0;0;0;0;0;0;0;0;0;0;0;0;2;0;0;0;0;0;0;0;0;0;0;6;1;36;1;0;1;0;0;5;0;0;0
"2019-01-31";1;5;9;17;23;22;12;6;2;0;2;0;0;33;66;10;20;15;5;1;2;0;0;0;0;0;0;0;0;1;2;7;6;6;4;3;14;3;0;0;1;5;28;2;15;10;0;0;0;0;20;0;1;0;0;0;0;0;0;0;0;0;0;0;0;0;0;0;0;0;0;1;0;0;0;0;2;1;3;0;1;0;0;0;1;0;0;0;1;0;0;0;0;0;0;0;0;0;0;0;0;0;0;2;8;12;14;0;0;1;0;0;0;0;0;0;0;0;0;0;0;0;0;0;3;0;2;1;6;2;0;0;0;1;10;2;0;0;0;0;0;0;0;0;0;11;0;1;1;0;0;0;0;0;0;0;0;0;0;0;0;0;0;0;0;0;0;0;0;0;0;0;0;0;3;0;0;0;0;0;0;0;0;0;0;2;1;36;0;1;0;0;0;1;0;0;0
"2019-02-01";0;5;6;15;24;16;11;6;0;2;1;0;0;24;62;16;10;5;3;0;1;0;0;2;1;2;0;3;0;5;0;2;1;5;2;1;7;3;2;0;0;2;12;1;7;4;0;0;0;0;16;0;2;0;0;0;0;0;0;0;0;0;0;0;0;0;0;0;0;0;3;0;0;0;1;0;0;0;0;0;0;0;1;0;2;0;0;0;2;0;0;0;0;0;0;0;0;0;0;0;0;0;0;2;2;20;20;0;0;1;0;0;0;0;0;0;0;0;0;0;0;0;0;0;5;0;1;4;7;4;0;0;1;0;6;2;0;0;0;0;0;0;0;0;0;1;0;0;0;0;0;0;0;0;0;0;0;0;0;0;0;0;1;0;0;0;0;0;0;1;0;0;0;0;3;0;0;0;0;0;0;0;1;0;0;0;1;32;1;0;0;2;1;2;2;0;0
"2019-02-02";1;5;14;13;24;9;2;2;1;1;0;0;0;33;39;9;2;3;4;0;0;0;0;2;0;4;1;0;0;5;0;5;1;2;1;0;3;6;2;0;1;2;5;0;6;2;0;0;0;0;3;0;2;0;0;0;0;0;0;0;0;0;0;0;0;0;0;0;0;0;0;0;0;0;0;0;0;0;0;0;0;0;0;0;0;0;1;0;1;0;0;0;0;0;0;0;0;0;0;0;0;0;0;0;7;2;1;0;0;0;0;0;0;0;0;0;0;0;0;0;0;0;0;0;1;0;0;1;1;1;0;0;0;0;2;0;0;0;0;0;0;0;0;0;0;0;0;0;0;0;0;0;0;0;0;0;0;0;0;0;0;0;0;0;0;0;0;0;0;0;1;0;0;0;3;0;0;0;0;0;0;0;0;1;0;1;0;10;0;0;0;0;0;0;0;0;0
"2019-02-04";1;2;9;17;26;18;10;13;6;1;0;0;0;47;56;15;18;11;1;1;1;0;2;0;0;2;1;0;0;4;0;3;1;2;3;3;8;4;3;0;1;7;21;0;8;6;0;0;0;1;20;0;4;0;0;0;0;0;0;0;0;0;0;0;0;0;0;0;0;0;0;0;0;0;0;0;1;0;0;0;0;0;4;0;1;0;0;0;1;0;0;0;0;0;0;0;0;0;0;0;0;0;0;1;7;16;12;0;0;1;0;0;0;0;0;0;0;0;0;0;0;0;0;0;2;0;3;3;5;1;0;0;0;3;6;0;0;0;0;0;0;0;0;0;0;5;0;0;0;0;0;0;0;1;0;0;0;0;0;0;0;0;0;0;0;0;0;0;0;1;0;0;0;0;3;0;0;0;0;0;0;0;0;1;0;7;3;27;0;0;0;1;0;5;0;0;0
"2019-02-05";3;2;7;15;17;9;7;6;0;0;0;0;0;29;37;9;10;7;6;2;0;1;2;0;1;0;0;0;0;1;1;3;3;0;0;2;4;0;3;0;0;10;14;1;3;5;0;0;0;0;17;0;5;0;0;1;1;0;0;0;2;0;0;0;0;1;0;0;1;0;0;1;0;0;0;0;0;0;0;0;0;0;0;0;1;0;0;0;0;0;0;0;0;0;0;0;1;0;0;0;0;0;0;0;4;17;15;0;0;1;0;0;0;0;0;0;0;0;2;0;0;0;1;0;1;0;1;1;9;1;0;0;0;0;7;0;0;0;0;0;0;0;0;0;0;0;0;0;1;0;0;0;0;0;0;0;0;0;0;0;0;0;0;0;0;0;0;0;0;0;0;0;0;0;5;0;0;0;0;0;0;0;1;0;0;1;0;29;1;2;0;0;0;2;0;0;0
"2019-02-06";0;2;1;9;27;27;16;3;2;1;0;1;0;18;71;16;18;11;9;7;2;0;1;2;0;2;1;0;0;9;1;8;4;3;0;6;9;2;0;0;3;8;32;1;10;7;0;0;0;0;19;0;4;0;1;0;1;0;0;0;1;1;0;0;1;0;0;1;0;1;0;0;0;0;0;0;0;1;0;0;0;0;0;0;0;0;0;0;0;0;0;0;0;0;0;0;1;0;0;0;0;0;0;0;15;19;11;0;0;2;0;0;0;0;0;0;0;0;1;0;0;0;2;0;3;0;2;2;3;4;0;0;0;0;8;0;0;0;0;2;0;0;0;0;0;2;0;0;1;0;0;0;0;0;0;0;0;0;0;1;0;0;0;0;0;0;0;0;0;0;2;0;0;0;5;0;0;0;0;0;0;0;1;1;0;7;3;38;0;2;3;0;0;3;1;0;0
"2019-02-07";0;2;8;11;20;14;9;2;3;0;0;0;0;22;47;15;14;6;3;1;3;1;1;1;1;0;1;0;0;2;3;1;2;2;5;0;10;0;3;0;1;3;18;0;8;3;0;0;0;0;11;0;5;0;1;0;1;1;0;0;0;2;0;0;0;0;0;0;1;1;0;0;0;0;0;0;1;0;0;0;0;0;3;0;0;0;0;0;0;0;0;0;0;0;0;0;0;0;1;0;0;0;0;1;8;16;12;0;0;1;0;1;2;0;0;0;0;0;0;0;1;1;1;0;0;0;4;2;10;2;0;0;2;2;10;0;0;1;0;0;0;0;0;0;0;0;0;1;0;0;0;0;0;1;0;0;0;0;0;0;0;0;0;1;0;0;0;0;0;0;1;0;1;0;3;0;0;0;0;0;0;0;0;0;0;5;1;39;0;1;1;1;1;1;1;0;0
"2019-02-12";0;1;0;4;8;16;6;12;10;2;1;0;0;42;18;7;20;3;7;1;0;0;1;1;0;1;0;0;0;3;0;2;1;1;2;0;9;2;1;0;3;3;14;1;10;5;1;0;0;0;10;0;1;0;0;0;0;0;0;0;0;0;0;0;0;0;0;0;0;0;0;1;0;0;0;0;0;0;0;0;2;0;1;0;0;0;0;0;0;0;0;0;0;0;1;0;0;0;0;0;0;0;0;1;10;16;6;0;0;2;0;0;0;0;0;0;0;0;0;0;0;0;0;1;1;0;3;0;4;1;0;0;0;0;4;2;0;0;0;0;0;0;2;1;0;4;0;0;0;0;0;0;0;0;0;0;0;0;0;0;0;0;0;0;0;0;1;0;0;1;4;0;1;0;2;0;0;0;0;0;0;0;0;1;0;5;3;28;1;2;1;0;1;0;0;0;0
"2019-02-13";2;6;2;4;12;20;13;2;4;6;0;0;0;26;45;23;19;14;10;1;0;1;2;1;0;0;0;2;0;3;5;2;6;3;3;4;11;2;1;1;0;14;22;0;10;4;9;0;0;0;21;0;2;0;0;1;0;0;0;0;0;0;0;0;0;0;0;1;0;0;0;0;0;0;0;0;0;1;0;0;0;0;2;0;1;0;0;0;2;0;0;0;0;0;0;0;0;0;0;0;0;0;0;1;7;21;7;0;0;2;0;0;0;0;0;0;0;1;1;1;0;0;0;0;0;0;3;0;5;0;0;0;0;2;11;4;0;0;0;1;0;0;2;1;2;4;0;0;0;0;0;0;0;0;0;0;0;0;0;0;0;0;0;0;0;0;0;0;0;0;0;0;2;1;4;0;0;0;0;0;0;0;1;1;0;5;1;33;0;0;1;1;1;7;0;0;0
"2019-02-14";6;8;9;14;28;20;10;13;1;0;1;0;0;40;70;16;13;9;7;8;2;1;1;0;1;0;0;1;0;6;1;4;3;7;3;0;9;4;0;0;2;5;17;1;14;0;3;0;0;0;20;0;6;0;0;0;3;1;0;0;0;0;0;0;0;0;0;3;0;0;0;1;0;0;0;0;0;0;1;2;0;0;4;0;0;0;0;0;2;0;0;0;0;0;0;0;2;0;0;1;0;0;0;0;11;20;16;0;0;1;0;1;2;0;0;0;0;1;1;1;1;1;2;0;0;0;2;3;5;3;0;0;0;0;7;3;0;1;0;1;0;0;2;2;1;2;1;0;0;1;0;0;0;0;0;0;0;0;0;0;0;0;0;1;0;0;0;0;0;0;0;0;1;1;3;0;7;0;1;1;0;0;1;4;0;1;3;33;0;2;0;0;1;5;0;0;0
"2019-02-15";1;4;5;17;18;17;15;2;5;0;1;0;0;36;49;8;5;3;7;1;3;2;1;2;0;2;4;1;0;3;0;2;2;4;1;0;5;0;2;0;1;1;13;1;7;2;2;0;0;0;7;0;2;0;0;1;2;1;0;0;2;0;0;0;0;1;1;0;0;1;0;1;0;0;0;0;1;0;0;1;0;0;2;0;0;1;0;0;1;0;0;0;0;0;0;0;0;0;0;0;0;0;0;1;3;15;11;0;0;0;0;0;1;0;1;0;1;0;2;1;0;2;1;0;4;0;2;0;5;1;0;0;0;0;4;0;0;0;0;0;0;0;4;2;3;1;0;1;0;0;0;0;0;0;0;0;0;0;0;0;0;0;0;1;0;0;0;0;0;1;2;1;0;1;2;0;0;0;0;0;0;0;0;5;0;5;0;31;0;0;0;0;0;4;0;0;0
"2019-02-16";0;1;4;10;14;22;11;0;0;0;0;0;0;41;21;8;3;2;3;0;0;3;1;3;0;2;1;0;0;6;0;0;1;1;0;1;2;0;3;0;0;1;7;1;0;1;0;0;0;2;0;0;1;0;0;0;0;1;0;0;0;1;0;0;0;1;0;0;0;0;0;0;0;0;0;0;0;0;0;0;0;0;0;0;0;0;0;1;0;0;0;0;0;0;0;0;0;0;0;1;0;0;0;0;4;4;3;0;0;0;0;1;0;0;0;0;0;0;1;0;0;0;0;0;2;0;0;0;0;0;0;0;0;2;0;2;0;0;0;1;0;2;2;3;1;1;0;0;0;0;0;0;0;0;0;0;0;1;1;0;1;2;0;0;0;0;0;0;0;0;0;0;0;0;1;0;0;0;0;0;0;0;0;0;0;0;1;18;3;0;0;0;0;2;0;0;0
"2019-02-18";0;5;7;9;22;24;8;11;4;1;0;0;0;42;49;18;14;8;9;3;1;0;0;0;0;1;0;0;0;5;1;2;3;0;2;2;10;0;1;0;0;7;31;0;7;6;0;0;0;0;20;0;2;0;1;0;0;0;0;0;0;0;0;0;0;0;0;0;0;1;0;1;0;0;0;0;0;0;0;0;0;0;3;0;0;0;0;0;0;0;0;0;0;0;0;0;0;0;0;0;0;0;0;0;13;18;17;0;0;1;0;0;0;0;0;0;0;0;0;1;0;0;1;0;4;0;4;3;3;1;0;0;0;1;7;1;0;0;0;1;0;1;1;1;1;4;0;0;0;0;0;0;0;0;0;0;0;0;0;0;0;0;0;0;0;0;0;0;0;0;0;0;0;0;1;0;0;0;1;0;0;0;0;0;0;4;0;29;3;1;1;1;0;3;0;0;0
"2019-02-19";0;5;7;11;23;24;20;2;4;1;0;1;0;45;53;10;13;5;6;1;2;1;0;2;0;1;1;1;0;2;1;2;3;4;3;3;6;5;2;0;0;4;10;0;12;3;0;0;0;2;6;0;1;0;0;0;0;0;1;0;0;1;0;0;0;0;0;0;0;0;0;0;0;0;0;0;0;0;0;2;0;0;0;0;0;0;0;0;1;0;0;0;0;0;0;0;0;0;0;1;0;0;0;0;4;15;11;0;0;2;0;0;0;0;0;0;0;0;0;0;0;0;1;0;2;0;1;2;2;0;0;0;0;0;11;0;0;1;0;1;0;0;1;1;1;2;0;1;0;0;0;0;0;0;0;0;0;0;0;0;0;0;0;1;0;0;0;0;0;0;0;0;4;0;2;0;0;0;1;0;0;0;1;1;0;0;4;38;0;1;1;1;0;5;0;0;0
"2019-02-20";3;2;7;16;27;22;14;6;2;0;0;0;0;35;64;15;18;17;7;2;1;0;1;0;0;1;1;0;0;3;3;0;5;2;5;4;11;3;2;0;0;6;25;3;16;4;0;0;0;0;21;0;5;0;0;0;1;1;1;0;0;0;0;0;0;0;0;0;0;2;5;0;0;0;0;2;0;1;1;1;0;1;1;0;2;0;2;3;1;1;1;0;0;0;1;0;0;0;0;0;0;0;0;1;12;22;10;0;0;0;0;0;1;0;1;1;0;1;1;1;0;0;1;0;4;0;2;3;5;0;0;0;0;1;6;4;0;1;0;1;0;0;1;1;1;2;0;2;0;0;0;0;0;0;0;0;0;0;0;0;0;0;0;1;0;0;1;0;0;0;0;0;0;0;4;0;0;0;0;1;0;0;0;0;0;5;3;43;2;1;0;0;1;2;0;0;0
"2019-02-21";1;4;3;11;12;13;10;6;3;2;0;1;0;31;35;12;11;7;3;2;2;0;1;0;0;1;1;0;0;2;0;5;7;1;3;1;4;3;0;0;0;4;12;0;6;2;0;0;0;0;17;0;3;0;0;0;0;1;0;0;0;0;0;0;0;0;0;0;0;0;1;0;0;0;0;1;3;0;1;0;1;0;2;0;2;0;0;0;0;0;0;0;0;0;0;1;1;0;0;0;1;0;0;2;6;17;12;0;0;1;0;0;0;0;0;0;0;1;0;0;0;0;0;0;1;0;1;2;4;0;0;0;0;0;2;0;0;1;0;0;0;0;2;0;0;1;0;1;0;0;0;0;0;0;0;0;0;0;0;0;0;0;0;1;0;0;0;0;0;0;1;0;1;0;4;0;0;0;1;1;0;0;0;0;0;5;1;25;1;1;0;1;0;2;0;0;0
"2019-02-22";1;4;5;9;18;16;9;2;1;0;0;0;0;31;34;9;7;7;3;3;0;1;6;1;0;1;2;1;0;8;1;5;1;3;1;4;11;0;5;0;0;6;15;0;7;1;0;0;0;0;6;0;5;0;0;1;0;0;0;0;0;0;1;0;0;0;0;0;1;0;0;0;0;0;0;1;1;1;1;0;2;0;0;0;3;0;1;2;2;0;0;0;0;0;0;1;2;0;0;0;0;0;0;1;10;21;16;0;0;1;0;0;1;0;0;0;0;0;0;0;0;1;1;0;1;0;1;3;6;0;0;0;1;0;5;2;0;1;0;0;0;0;2;2;0;2;0;2;1;0;0;0;0;0;0;0;0;0;0;0;0;0;0;0;0;0;0;0;0;0;2;0;0;0;8;0;0;1;0;1;1;0;0;0;0;5;4;22;0;1;0;1;1;0;0;0;0
"2019-02-23";1;2;5;13;28;28;17;10;1;2;0;0;0;54;53;4;2;3;1;0;1;0;0;1;0;1;1;1;0;3;0;3;4;1;0;2;2;0;0;0;1;0;3;1;1;1;0;0;0;0;2;0;2;0;0;0;0;0;0;0;0;0;0;0;0;0;0;0;0;0;1;0;0;0;0;1;1;0;1;0;0;0;1;0;1;0;1;0;1;0;0;0;0;0;0;0;0;0;0;2;0;0;0;0;2;8;4;0;0;0;0;0;0;0;0;0;0;0;0;0;0;0;0;0;3;0;0;0;2;0;0;0;0;0;0;2;0;0;0;0;0;1;0;2;1;1;0;0;0;1;0;0;0;0;0;0;0;0;0;0;0;0;0;0;0;0;0;0;0;0;0;0;0;0;1;5;0;0;0;0;0;0;1;0;1;0;0;14;0;1;1;1;0;1;0;0;0
"2019-02-25";1;2;3;18;23;28;17;3;4;1;3;1;0;49;55;13;19;5;2;1;1;0;0;0;0;0;1;0;0;0;0;2;1;10;0;4;5;1;1;0;0;3;21;0;5;7;0;0;0;0;21;0;2;0;0;0;0;1;0;0;0;0;0;0;0;0;0;1;0;0;1;0;0;0;0;0;0;0;0;0;0;0;0;0;1;0;0;0;0;0;0;0;0;0;0;0;0;0;0;1;0;0;0;2;10;14;7;0;0;1;0;0;0;0;0;0;0;1;0;1;0;0;1;0;2;0;0;2;3;1;0;0;0;0;3;0;0;0;0;0;0;0;2;0;0;11;0;0;1;0;0;0;0;0;0;0;0;0;0;0;0;0;1;0;0;0;0;0;0;1;1;0;5;0;3;0;0;0;0;0;0;0;0;0;0;3;3;22;0;1;0;0;1;3;0;0;0
"2019-02-26";1;3;7;4;14;18;16;8;4;1;0;0;0;35;41;11;8;2;3;3;2;0;0;1;0;1;2;0;0;4;3;5;4;2;1;3;3;0;1;0;1;3;7;0;6;3;0;0;0;0;11;0;2;0;0;0;0;0;0;0;0;0;0;0;0;0;0;0;0;0;1;0;0;0;0;0;3;0;1;0;0;0;0;0;1;0;1;1;1;0;0;0;0;0;0;0;0;0;0;0;0;0;0;0;9;12;10;0;0;0;0;0;0;0;0;0;0;0;0;0;0;0;0;0;1;0;1;1;2;3;0;0;1;0;1;3;0;0;0;1;0;0;3;2;2;5;0;0;0;1;0;0;0;0;0;0;0;0;0;0;0;0;1;0;0;0;0;0;0;0;0;0;0;0;1;0;0;0;0;0;0;0;0;0;0;3;1;21;1;2;0;1;0;3;1;0;0
"2019-02-27";1;6;7;11;16;17;12;9;3;2;0;0;0;23;61;7;11;4;4;0;1;1;0;1;1;1;0;0;0;2;0;1;3;5;1;4;2;2;6;0;0;5;12;0;6;8;0;0;0;0;11;0;5;0;2;1;1;0;0;0;0;1;0;0;0;0;0;0;2;2;0;0;0;0;0;0;0;0;0;0;0;1;1;0;0;0;0;0;0;0;0;0;0;0;0;0;0;0;0;0;0;0;0;0;6;20;20;0;0;1;0;0;1;0;1;0;0;1;1;2;0;0;4;0;2;0;2;3;5;0;0;0;0;1;4;0;0;0;0;0;0;0;0;2;1;10;0;1;0;0;0;0;0;0;0;0;0;0;0;0;0;0;1;0;0;0;1;1;0;0;0;0;1;0;4;0;0;0;0;1;0;0;0;0;0;8;0;42;0;1;0;0;0;0;0;0;0
"2019-02-28";1;1;9;10;23;12;14;4;1;0;0;0;0;32;43;19;13;6;6;4;1;1;2;1;1;3;2;1;0;7;3;5;3;3;1;5;7;5;3;0;0;8;21;0;17;12;0;0;0;0;9;0;2;0;0;0;0;0;0;0;0;0;0;0;0;0;0;0;0;0;3;0;0;0;0;0;2;0;2;0;0;0;1;0;0;1;1;0;0;0;0;0;0;0;0;0;1;0;0;1;0;0;0;0;6;24;13;0;0;0;0;0;0;0;0;0;0;0;0;0;0;0;0;0;0;0;0;2;8;1;0;0;1;0;3;1;0;0;0;3;0;0;2;2;1;8;0;1;0;1;0;0;0;0;0;0;0;0;0;0;0;0;2;0;0;0;0;0;0;0;1;0;2;0;7;0;0;0;2;0;0;0;4;3;1;6;1;30;2;1;0;0;0;3;1;0;0
"2019-03-01";2;2;11;20;26;29;15;11;2;2;0;0;0;45;75;12;9;10;9;2;3;1;3;4;2;2;0;1;0;5;3;6;5;3;0;0;3;2;2;0;1;3;12;2;10;8;0;0;0;0;7;0;3;0;0;1;0;0;0;0;0;0;0;0;0;1;0;0;0;0;1;0;0;0;0;0;0;1;0;2;0;1;1;0;0;0;0;0;1;0;0;0;0;0;0;0;1;0;0;0;0;1;0;0;10;24;16;0;0;0;0;0;0;0;1;0;0;0;1;0;0;0;1;0;3;0;2;1;7;1;0;0;2;0;4;2;0;0;0;0;0;0;0;2;2;4;0;1;1;1;0;0;0;0;0;0;0;0;0;0;0;0;1;0;0;0;2;0;0;0;4;0;1;0;7;0;0;0;1;0;0;0;2;0;0;3;2;24;0;2;0;1;0;1;0;0;0
"2019-03-02";1;2;4;13;18;28;10;7;0;1;1;0;0;50;35;6;11;4;8;1;1;0;0;0;0;0;0;0;0;4;0;1;3;1;0;2;0;2;5;0;1;0;12;0;7;12;0;0;0;0;4;0;0;0;1;0;0;0;0;0;0;1;0;0;0;0;0;0;0;1;0;0;0;0;0;0;0;0;0;0;0;0;0;0;0;0;0;0;0;0;0;0;0;0;0;0;0;0;0;0;0;0;0;0;3;2;5;0;0;0;0;0;1;0;0;0;0;0;0;0;0;0;1;0;3;0;0;0;2;0;0;0;2;0;1;0;0;0;0;0;0;1;2;5;0;0;0;0;0;0;0;0;0;0;0;0;0;0;0;0;0;0;0;0;0;0;0;0;0;0;0;0;0;0;1;0;0;0;0;0;0;0;0;1;0;0;0;10;0;1;0;0;0;1;0;0;0
"2019-03-04";2;2;4;14;24;19;14;7;1;1;1;0;0;49;40;18;17;12;5;0;1;2;1;0;0;0;0;0;0;2;1;1;2;6;0;0;5;0;2;0;1;7;24;1;13;3;0;0;0;0;23;0;3;0;0;0;1;0;0;0;0;0;0;0;0;0;0;1;0;0;0;0;0;0;0;0;0;0;0;0;0;0;0;0;0;1;0;0;0;0;0;0;0;0;0;0;2;0;0;1;0;0;0;0;11;15;14;0;0;0;0;0;0;0;0;0;0;0;1;1;0;0;1;0;1;0;2;1;4;1;0;0;0;1;7;1;0;0;0;0;0;0;0;0;0;0;0;0;0;0;0;0;0;0;0;0;0;0;0;0;0;0;0;0;0;0;0;0;0;1;0;0;1;2;3;0;0;0;1;1;0;0;3;1;0;6;2;21;0;0;0;0;0;2;1;0;0
"2019-03-05";2;2;5;16;21;17;13;4;6;1;2;0;0;36;53;10;15;6;3;0;2;0;4;1;0;0;0;0;0;5;0;2;0;2;1;1;13;2;7;0;0;3;9;2;9;9;0;0;0;0;11;0;6;0;0;0;0;0;0;0;0;0;0;0;0;0;0;0;0;0;0;0;0;0;0;0;1;0;0;0;2;0;2;0;0;0;0;0;1;0;1;0;0;0;0;0;2;0;0;2;0;2;0;0;9;19;14;0;0;2;0;0;0;0;0;0;0;0;0;0;0;0;0;0;1;0;0;1;5;2;0;0;0;0;6;0;0;0;0;0;0;0;1;5;1;3;0;1;0;0;0;0;0;0;0;0;0;0;0;0;0;0;0;0;0;0;0;0;0;0;0;0;0;0;0;0;0;0;1;0;0;0;0;0;1;7;5;24;1;1;0;1;0;4;0;0;0
"2019-03-06";1;5;7;21;24;10;13;5;1;1;0;0;0;36;52;11;7;4;1;2;1;0;1;2;0;1;1;0;0;3;1;2;4;0;3;1;9;0;0;0;0;4;11;0;2;2;0;0;0;0;15;0;4;0;0;0;0;1;1;0;0;0;0;0;0;0;0;0;0;2;0;0;0;0;0;0;1;0;1;0;0;0;0;0;1;0;0;0;0;0;0;0;0;0;0;0;1;0;0;0;0;0;0;0;5;15;15;0;0;1;0;0;0;0;1;0;1;2;0;0;0;1;1;0;3;0;2;3;4;2;0;0;0;0;3;3;0;0;0;0;0;0;1;1;0;5;0;0;0;0;0;0;0;0;0;0;0;0;0;0;0;0;0;0;0;0;0;0;0;1;1;0;1;0;7;0;0;0;1;0;0;0;0;0;0;8;3;32;1;1;2;1;0;5;1;0;0
"2019-03-07";3;3;4;13;12;26;13;2;1;1;0;0;0;23;55;10;10;5;8;1;2;1;2;0;0;1;1;1;0;6;0;3;2;2;2;1;6;2;2;0;1;7;19;0;11;3;0;0;0;0;15;0;6;0;1;1;0;0;1;0;2;1;0;0;0;1;0;1;0;1;1;0;0;0;0;0;2;0;0;0;0;0;0;0;2;1;0;0;0;0;0;0;0;0;0;0;0;0;0;1;0;0;0;0;4;23;14;0;0;1;0;0;1;0;1;0;0;0;2;0;0;0;2;0;6;0;2;1;10;3;0;0;4;0;7;1;0;0;0;0;0;0;0;0;0;3;0;1;0;0;0;0;0;0;0;0;0;0;0;0;0;0;0;0;0;0;0;0;0;0;0;0;1;1;6;0;0;0;0;1;0;0;0;0;2;3;4;39;2;1;0;0;0;2;0;0;0
"2019-03-08";2;2;3;5;20;12;17;6;4;1;0;0;0;26;46;13;9;6;2;0;1;0;0;0;0;0;1;0;0;5;0;4;5;2;5;2;6;1;1;0;0;4;7;1;3;5;0;0;0;0;16;0;4;0;0;1;0;0;0;0;0;0;0;0;0;0;1;0;0;0;0;0;0;0;0;0;4;0;2;0;0;0;0;0;0;0;0;1;0;0;0;0;0;0;0;1;1;0;0;0;0;0;0;0;8;15;13;0;0;2;0;0;0;0;0;0;0;0;0;1;0;1;0;0;0;0;0;1;4;0;0;0;0;0;6;1;0;0;0;0;0;0;1;0;0;3;0;2;0;0;0;0;0;0;0;0;0;0;0;0;0;0;0;0;0;0;0;0;0;1;1;0;0;0;4;0;0;0;0;0;0;0;1;0;1;3;1;25;1;1;0;0;0;4;0;0;0
"2019-03-09";2;0;6;18;30;18;22;8;8;0;0;0;0;68;44;8;5;1;2;1;0;3;0;1;2;1;0;2;0;3;1;3;2;0;1;0;0;2;1;0;1;1;10;0;2;7;0;0;0;0;3;0;0;0;0;0;0;0;0;0;0;0;0;0;0;0;0;0;0;0;1;0;0;0;0;0;0;0;0;0;0;0;0;0;0;0;0;0;0;0;0;0;0;0;0;0;0;0;0;0;0;0;0;0;3;1;6;0;0;0;0;0;0;0;0;0;0;0;0;0;0;0;0;0;0;0;0;1;2;1;0;0;4;2;0;1;0;0;0;0;0;1;0;0;0;0;0;0;0;0;0;0;0;0;0;0;0;0;0;0;0;0;0;0;0;0;0;0;0;0;0;0;0;0;1;0;0;0;0;0;0;0;0;0;0;2;1;10;0;0;0;0;0;1;0;0;0
"2019-03-11";1;1;3;15;19;16;16;5;0;1;0;0;0;35;42;21;14;12;6;6;3;0;0;0;1;2;0;0;0;4;2;3;1;2;0;3;5;3;1;0;2;8;30;2;8;13;0;0;0;0;19;0;2;0;0;0;0;0;0;0;0;0;0;0;0;0;0;0;0;0;0;0;0;0;0;0;0;0;2;0;0;0;0;0;0;0;0;0;0;0;0;0;0;0;0;0;1;0;0;0;0;0;0;0;10;9;8;0;0;0;0;0;0;0;0;0;0;0;0;0;0;0;0;0;2;0;1;0;3;2;0;0;0;0;9;0;0;0;0;1;0;0;2;0;0;7;0;0;0;0;0;0;0;0;0;0;0;0;0;0;0;0;0;0;0;0;0;0;0;0;0;0;1;0;3;0;0;0;1;1;0;0;1;0;0;2;1;23;1;0;1;1;0;4;1;0;0
"2019-03-12";0;2;11;18;17;28;19;2;1;1;1;0;0;36;64;8;11;3;2;1;0;0;0;1;0;1;2;0;0;1;0;1;1;2;4;2;5;3;1;0;0;2;6;2;6;2;0;0;0;0;6;0;2;0;2;0;0;0;0;0;0;0;0;0;0;1;0;1;0;0;0;0;0;0;0;0;0;0;1;1;1;0;1;0;0;0;0;0;1;0;0;0;0;0;1;0;0;0;0;1;0;0;0;0;9;24;15;0;0;0;0;0;0;0;0;0;0;0;2;1;0;0;2;1;2;0;1;1;6;0;0;0;2;1;3;1;0;0;0;0;0;0;1;1;1;1;0;0;0;0;0;0;0;0;0;0;0;0;0;0;0;0;0;0;0;0;0;0;0;0;0;0;0;0;2;0;0;0;0;0;0;0;0;0;1;4;1;30;2;3;0;1;0;3;3;0;0
"2019-03-13";0;4;6;9;14;11;7;9;3;2;0;0;0;32;33;16;9;10;6;2;0;1;0;0;0;0;2;1;0;4;1;4;0;1;3;4;6;2;4;0;0;8;14;1;8;7;0;0;0;0;18;0;4;0;0;1;0;0;0;0;1;0;0;0;0;1;0;0;0;0;0;0;0;0;0;0;1;0;2;0;0;0;1;0;0;0;0;0;0;0;0;0;0;0;0;0;0;0;0;2;0;0;0;3;0;22;11;0;0;1;0;0;1;0;0;0;0;0;0;0;1;0;0;0;1;0;3;2;2;0;0;0;1;1;5;0;0;0;0;0;0;1;0;2;1;3;0;0;0;0;0;0;0;0;0;0;0;0;0;0;0;0;0;0;0;0;0;0;0;0;0;1;0;0;6;0;0;0;0;0;0;0;2;0;0;6;0;37;0;4;1;0;0;3;1;0;0
"2019-03-14";2;2;4;11;22;18;5;4;3;0;0;0;0;27;44;13;21;11;8;2;2;0;0;0;0;1;2;2;0;3;0;0;5;4;3;0;4;1;3;0;2;8;27;0;17;11;0;0;0;0;18;0;7;0;0;0;0;0;0;0;0;0;0;0;0;0;0;0;0;0;0;0;0;0;0;0;1;0;0;0;0;0;0;0;0;0;0;0;0;0;0;0;0;0;0;0;0;0;0;1;0;0;0;1;5;22;13;0;0;0;0;0;0;0;0;0;0;0;0;0;0;0;0;0;1;0;1;2;5;3;0;0;1;0;3;1;0;0;0;1;0;0;2;1;1;2;0;0;0;0;0;0;0;0;0;0;0;0;0;0;0;0;0;0;0;0;0;0;0;0;2;0;1;0;4;0;0;0;0;1;0;0;0;2;0;1;3;33;3;3;0;1;0;2;2;0;0
"2019-03-15";1;4;11;14;18;21;3;6;3;0;0;1;0;36;46;12;7;6;2;3;1;0;1;0;0;3;1;4;0;2;1;3;3;2;1;3;8;3;0;0;0;4;9;0;10;5;0;0;0;0;8;0;4;0;1;0;0;0;0;0;0;0;0;0;1;0;0;0;0;1;0;0;0;0;0;0;0;0;0;0;0;0;0;0;0;0;0;0;0;0;0;0;0;0;0;0;1;0;0;1;0;0;0;1;4;19;12;0;0;0;0;0;0;0;1;1;0;0;0;0;0;0;0;1;1;0;0;1;2;2;0;0;1;1;4;2;0;0;0;2;1;0;0;2;2;1;0;0;0;0;0;0;0;0;0;0;0;0;0;0;0;0;0;0;0;0;0;0;0;0;0;0;0;0;6;0;0;1;0;0;0;0;1;3;1;4;2;26;0;0;0;1;0;2;0;0;0
"2019-03-16";2;0;9;6;13;15;8;5;3;0;0;0;0;28;33;5;6;3;5;3;2;0;0;1;0;3;0;1;0;6;2;1;3;1;1;0;2;2;1;0;1;0;7;0;4;1;0;0;0;0;2;0;1;0;0;0;1;0;0;0;0;0;0;0;0;1;0;0;0;0;1;0;0;0;0;0;0;0;1;1;0;0;0;0;0;1;1;1;0;0;0;0;0;0;0;0;0;0;0;1;0;0;0;0;4;3;2;0;0;1;0;0;1;0;0;0;0;0;0;1;0;1;0;0;2;0;2;0;1;1;0;0;0;0;0;2;0;0;0;0;0;2;2;2;2;2;0;1;0;0;0;0;0;0;0;0;0;0;1;1;1;0;0;0;0;0;0;0;0;0;3;0;0;0;2;0;0;0;0;0;0;0;0;0;0;2;1;9;1;0;0;0;0;1;0;0;0
"2019-03-18";1;1;3;12;20;17;14;7;7;1;0;0;0;31;52;15;11;4;3;1;0;0;0;0;0;1;1;1;0;3;1;2;3;1;1;1;3;0;4;0;0;4;25;1;11;8;0;0;0;0;14;0;4;0;0;0;0;0;0;0;0;0;0;0;0;0;0;0;0;0;2;0;0;0;0;0;0;0;1;1;0;0;2;0;0;1;0;0;0;0;0;0;0;0;0;0;0;0;0;0;0;0;0;1;7;18;13;0;0;0;0;0;0;0;0;0;0;0;0;0;0;0;0;1;2;0;1;3;4;3;0;0;0;2;9;0;0;0;0;0;0;0;0;0;2;9;0;0;0;1;0;0;0;0;0;0;0;0;0;0;0;1;0;0;0;0;0;0;0;0;0;0;2;0;1;0;0;0;2;0;0;0;2;1;1;7;3;31;3;0;1;0;1;2;1;0;0
"2019-03-19";0;5;2;11;22;19;14;6;3;0;0;0;0;19;63;8;12;3;4;2;0;1;0;0;0;0;0;0;0;1;0;0;0;2;1;1;5;2;0;0;0;2;13;1;4;4;0;0;0;0;3;0;2;0;0;0;0;0;0;0;0;0;0;0;0;0;0;0;0;0;0;0;0;0;0;0;1;0;0;1;0;0;0;0;0;1;0;0;0;0;0;0;0;0;0;0;0;0;0;0;0;0;0;1;9;13;5;0;0;1;0;0;0;0;0;0;0;0;0;0;0;0;0;0;3;0;2;0;4;1;0;0;0;1;0;1;0;0;0;0;0;0;4;1;1;3;0;0;0;0;0;0;0;0;0;0;0;0;0;0;0;0;0;0;0;0;0;0;0;0;0;0;0;0;3;0;0;0;0;0;0;0;0;0;0;1;1;25;1;0;0;1;0;4;2;0;0
"2019-03-20";1;0;7;12;20;12;14;8;6;0;0;0;0;36;44;5;11;11;7;3;2;0;1;4;1;2;0;0;0;6;0;5;0;1;0;1;3;2;1;0;0;2;22;0;7;4;1;0;0;0;12;0;4;0;0;0;1;0;0;0;0;0;0;0;0;0;0;0;0;0;0;0;0;0;0;0;3;1;1;0;0;0;0;0;2;0;0;1;0;0;0;0;0;0;0;0;1;0;0;1;0;0;0;0;7;15;5;0;0;1;0;0;0;0;0;0;0;0;1;0;0;1;0;0;0;0;2;2;4;1;1;0;0;1;4;0;0;0;0;0;0;1;2;0;1;6;0;0;0;0;0;0;0;0;0;0;0;0;0;0;0;0;0;1;0;0;0;0;0;0;1;0;0;0;6;0;0;0;0;0;0;0;1;0;0;4;3;41;1;0;2;1;0;2;0;0;0
