"date","mac","detections","signal_strength","last_detected","first_detected","seconds"
"2018-10-06","PjOOBPVR73guI8UfnwkfCA==",419,50,"2018-10-06 22:46:00","2018-10-06 21:29:00",11700
"2018-10-26","PjOOBPVR73guI8UfnwkfCA==",145,52,"2018-10-26 22:46:00","2018-10-26 22:16:00",3000
"2018-05-08","wxMfL3C1oVnPDyKPeW9OIA==",87,68,"2018-05-08 11:31:00","2018-05-08 11:16:00",1500
"2018-05-08","LU8KXGRwrZYQSBXyZHYTZQ==",85,70,"2018-05-08 11:31:00","2018-05-08 11:16:00",1500
"2018-05-08","oVqI+pIguLG/djxsq7WGLQ==",84,68,"2018-05-08 11:31:00","2018-05-08 11:16:00",1500
"2018-05-08","nkeUyFH+jvL5Rz6ltFoMAA==",79,70,"2018-05-08 11:31:00","2018-05-08 11:16:00",1500
"2018-11-28","Q4jbOfHfD02sODyMkp3ahw==",69,48,"2018-11-28 13:51:00","2018-11-28 13:21:00",3000
"2018-05-08","hg39PxGvZQP+6Xd2ws6Ygg==",66,68,"2018-05-08 11:31:00","2018-05-08 11:16:00",1500
"2019-01-12","JAZwBIkfhgQTmeOheTphaw==",59,50,"2019-01-12 11:38:00","2019-01-12 10:31:00",10700
"2018-08-04","qpIpHTQchkQ39D1w2b8JKXwjFw56XePy",50,50,"2018-08-04 10:08:00","2018-08-04 09:11:00",9700
"2018-05-08","WPymZ5LXWMSsODyMkp3ahw==",49,68,"2018-05-08 11:31:00","2018-05-08 11:16:00",1500
"2018-05-08","cr5Lx2lN0fsTmeOheTphaw==",45,70,"2018-05-08 11:31:00","2018-05-08 11:16:00",1500
"2018-05-08","vr/NPnjbbllr/SDLTfEf7A==",44,68,"2018-05-08 11:31:00","2018-05-08 11:16:00",1500
"2018-05-08","oVqI+pIguLE/xP4CeDNBqg==",40,68,"2018-05-08 11:31:00","2018-05-08 11:16:00",1500
"2018-06-18","EnYkfL2cbSBUClazBvvSxQ==",40,50,"2018-06-18 12:51:00","2018-06-18 12:41:00",1000
"2018-05-08","m+MnjIdfJ25mTz2DFhoLNA==",35,68,"2018-05-08 11:31:00","2018-05-08 11:16:00",1500
"2018-05-08","V+JkJRCXtC4QSBXyZHYTZQ==",34,68,"2018-05-08 11:31:00","2018-05-08 11:16:00",1500
"2018-11-21","Ertgjeye1oErE6wiFF8knw==",32,58,"2018-11-21 17:09:00","2018-11-21 17:00:00",900
"2019-02-04","cW0EPeY4IdUuI8UfnwkfCA==",31,50,"2019-02-04 07:12:00","2019-02-04 06:18:00",9400
"2019-02-04","EnYkfL2cbSBUClazBvvSxQ==",31,50,"2019-02-04 07:11:00","2019-02-04 06:17:00",9400
"2018-06-19","DtCZnncE3Y6tP/dAK8EqGA==",30,52,"2018-06-19 12:33:00","2018-06-19 12:17:00",1600
"2018-11-29","VR1e+ZQLqfCHsTnrYEqH2A==",30,50,"2018-11-29 10:19:00","2018-11-29 09:57:00",6200
"2018-11-21","34rVCqHvKMNM7OTum+cZjA==",30,58,"2018-11-21 12:55:00","2018-11-21 12:26:00",2900
"2018-07-07","OQWLd5RTlze2DXRNXDVVvUNFUdQDIutU",29,56,"2018-07-07 23:59:00","2018-07-07 23:22:00",3700
"2019-01-12","8aeMwP9JTPFz5hTdUI+T3A==",28,50,"2019-01-12 12:30:00","2019-01-12 11:34:00",9600
"2018-05-11","0RSCxGUqOYUuI8UfnwkfCA==",27,52,"2018-05-11 07:57:00","2018-05-11 06:50:00",10700
"2018-12-06","ozF+8zK0/kInl/iO9l/56A==",27,44,"2018-12-06 21:25:00","2018-12-06 20:16:00",10900
"2018-11-25","ozF+8zK0/kInl/iO9l/56A==",27,52,"2018-11-25 22:44:00","2018-11-25 21:32:00",11200
"2018-05-08","D/wip4B5vSMMtdeUlUlt/g==",26,68,"2018-05-08 11:31:00","2018-05-08 11:24:00",700
"2018-05-08","qpIpHTQchkQ39D1w2b8JKXwjFw56XePy",26,70,"2018-05-08 08:58:00","2018-05-08 08:01:00",5700
"2019-01-05","ozF+8zK0/kInl/iO9l/56A==",26,48,"2019-01-05 22:46:00","2019-01-05 21:34:00",11200
"2018-05-08","cW0EPeY4IdUuI8UfnwkfCA==",24,68,"2018-05-08 11:30:00","2018-05-08 11:17:00",1300
"2018-11-23","qJD4joyX35WPQ/887bU4vQ==",24,56,"2018-11-23 15:41:00","2018-11-23 15:14:00",2700
"2018-05-08","gpmvfO4bWso39D1w2b8JKfodJJIRxY5f",23,71,"2018-05-08 08:59:00","2018-05-08 08:02:00",5700
"2018-05-08","ViFAXMpxw21G/o1dRzitbAbfpgeA9CH3",23,68,"2018-05-08 12:31:00","2018-05-08 11:49:00",8200
"2018-10-09","oow1bobPQD0rbBVc8INkCg==",23,46,"2018-10-09 15:42:00","2018-10-09 15:16:00",2600
"2018-10-27","C7NUgP6h2b2EkajN4jueDA==",22,52,"2018-10-27 14:24:00","2018-10-27 13:43:00",8100
"2019-01-06","ozF+8zK0/kInl/iO9l/56A==",22,40,"2019-01-06 18:59:00","2019-01-06 18:03:00",5600
"2018-05-08","Ap/D/9jOI9pmTz2DFhoLNA==",21,70,"2018-05-08 11:30:00","2018-05-08 11:16:00",1400
"2019-02-09","dfm89mVhjx4DJSTwoVSEYQ==",21,46,"2019-02-09 15:48:00","2019-02-09 14:51:00",9700
"2018-05-08","EnYkfL2cbSBUClazBvvSxQ==",19,68,"2018-05-08 11:24:00","2018-05-08 11:16:00",800
"2019-02-04","oVqI+pIguLE/xP4CeDNBqg==",18,50,"2019-02-04 07:11:00","2019-02-04 06:17:00",9400
"2019-01-10","PjOOBPVR73guI8UfnwkfCA==",18,52,"2019-01-10 19:19:00","2019-01-10 18:57:00",6200
"2019-01-10","wxMfL3C1oVnPDyKPeW9OIA==",18,52,"2019-01-10 12:55:00","2019-01-10 12:18:00",3700
"2018-05-08","b+ZN/563moJr/SDLTfEf7A==",17,70,"2018-05-08 11:29:00","2018-05-08 11:18:00",1100
"2018-11-24","ozF+8zK0/kInl/iO9l/56A==",17,48,"2018-11-24 21:45:00","2018-11-24 21:03:00",4200
"2018-07-10","6XBDiMuB/psTmeOheTphaw==",17,58,"2018-07-10 12:48:00","2018-07-10 12:43:00",500
"2019-02-04","WPymZ5LXWMSsODyMkp3ahw==",17,50,"2019-02-04 07:11:00","2019-02-04 06:19:00",9200
"2019-01-12","g2xpYAoJ1rW+FD9l1Izr7w==",17,50,"2019-01-12 10:53:00","2019-01-12 10:27:00",2600
"2018-10-02","MJkyOmbmeo/MEfVYDQf3BQ==",17,54,"2018-10-02 07:36:00","2018-10-02 07:10:00",2600
"2018-07-08","byR7qBL2ylDPDyKPeW9OIA==",16,56,"2018-07-08 01:05:00","2018-07-08 00:17:00",8800
"2018-05-08","KfV3lVWrrkdp610KJawadQ==",15,71,"2018-05-08 11:29:00","2018-05-08 11:19:00",1000
"2018-10-05","UaPFRwVzF4Nz5hTdUI+T3A==",15,52,"2018-10-05 09:38:00","2018-10-05 08:54:00",8400
"2019-01-14","GVEf8ehGTK/yzYubXYypeQ==",15,48,"2019-01-14 15:46:00","2019-01-14 15:09:00",3700
"2018-11-21","GrecrvFz2Bx9cl7zeBOoDg==",15,58,"2018-11-21 12:59:00","2018-11-21 12:32:00",2700
"2018-11-23","nykEyrlBK/hn8IVxZGwoyE0vI8O8qqxZ",15,56,"2018-11-23 10:58:00","2018-11-23 10:40:00",1800
"2019-03-01","IV4Ysc3GdZ1jfNy7emcCiQ==",15,50,"2019-03-01 15:23:00","2019-03-01 14:57:00",6600
"2018-07-12","X2ITO8EYxfLNtQ7gQ4347A==",15,56,"2018-07-12 14:54:00","2018-07-12 14:42:00",1200
"2018-11-21","Hhh5CDZs+KrW+M0jv49IJw==",15,58,"2018-11-21 09:49:00","2018-11-21 09:21:00",2800
"2019-03-07","ZpKnpWgb1GOnDAJ71ldXdQ==",14,50,"2019-03-07 09:14:00","2019-03-07 09:09:00",500
"2018-07-09","qpIpHTQchkQ39D1w2b8JKfodJJIRxY5f",14,58,"2018-07-09 10:26:00","2018-07-09 10:23:00",300
"2018-07-17","LutdKa4QrQ4HpVH1vCHewg==",14,52,"2018-07-17 09:53:00","2018-07-17 09:40:00",1300
"2018-11-29","cLgN6zROr7oCdJiqtmvk8g==",14,50,"2018-11-29 11:21:00","2018-11-29 11:01:00",2000
"2018-11-22","mPtVy1aNxra1xethUW2NJA==",13,56,"2018-11-22 11:07:00","2018-11-22 10:44:00",6300
"2018-05-08","4LPoUa7imqI5iEzdKKq9kw==",12,64,"2018-05-08 11:25:00","2018-05-08 11:16:00",900
"2018-05-08","8c/OkK5pD1W/wfQV7CH+8w==",12,64,"2018-05-08 11:30:00","2018-05-08 11:18:00",1200
"2018-10-27","cW0EPeY4IdUuI8UfnwkfCA==",12,52,"2018-10-27 09:02:00","2018-10-27 08:53:00",4900
"2019-03-07","T2mY2cGiVighW11FggRlnSdZlDuGkOv2",12,48,"2019-03-07 09:57:00","2019-03-07 09:26:00",3100
"2018-11-23","JQ6b1N3Ypc6RA8NZZLRrLw==",12,56,"2018-11-23 10:31:00","2018-11-23 10:03:00",2800
"2019-01-09","t6V9i43fpPKq0RDCt/IIRw==",12,52,"2019-01-09 12:44:00","2019-01-09 12:24:00",2000
"2018-07-12","VdO5cqWjoueLAe+dEcRXlQ==",12,56,"2018-07-12 15:44:00","2018-07-12 15:13:00",3100
"2018-07-17","jFg8MjQOFVuy+c0xRAPqxg==",12,52,"2018-07-17 08:40:00","2018-07-17 08:19:00",2100
"2018-07-09","+oR33EJbsNuueAlOT0kECh06P02XDKYl",12,58,"2018-07-09 13:35:00","2018-07-09 12:16:00",11900
"2019-02-04","6N65kokdLgJugUejvdWumQ==",12,48,"2019-02-04 07:12:00","2019-02-04 06:17:00",9500
"2018-10-27","EnYkfL2cbSBUClazBvvSxQ==",12,52,"2018-10-27 09:00:00","2018-10-27 08:53:00",4700
"2018-07-09","qpIpHTQchkQ39D1w2b8JKXwjFw56XePy",11,58,"2018-07-09 10:25:00","2018-07-09 10:17:00",800
"2018-11-22","xz1m1oPtdZbBr4mNCcgI9Q==",11,54,"2018-11-22 11:16:00","2018-11-22 11:14:00",200
"2018-12-18","qG6ldT+TBJX3nNr15rPXrQ==",11,44,"2018-12-18 09:25:00","2018-12-18 08:26:00",9900
"2019-03-04","nu3IqdUlYN4QLWx3GIE4LA==",11,48,"2019-03-04 17:25:00","2019-03-04 17:19:00",600
"2018-10-27","WPymZ5LXWMSsODyMkp3ahw==",11,52,"2018-10-27 09:02:00","2018-10-27 08:53:00",4900
"2018-11-21","8o3Kun5vzLMn+XEpCWZxTg==",10,58,"2018-11-21 13:01:00","2018-11-21 12:39:00",6200
"2018-11-21","93cI/hVz0veUHGW7T6X/bQ==",10,58,"2018-11-21 12:24:00","2018-11-21 12:11:00",1300
"2018-07-07","dfm89mVhjx4QwfQUsBz/wQ==",10,56,"2018-07-07 16:28:00","2018-07-07 15:40:00",8800
"2019-01-10","eJTsUJ05pXmSalLeJ6DGGg==",10,52,"2019-01-10 12:48:00","2019-01-10 12:16:00",3200
"2019-01-12","HpoHvy3AowqwC9jLzcVxnUNFUdQDIutU",10,50,"2019-01-12 15:05:00","2019-01-12 14:45:00",6000
"2019-01-29","xBHG4K9g+QdfLxpXs0ZyHA==",10,48,"2019-01-29 14:49:00","2019-01-29 14:09:00",4000
"2019-01-09","6aqIqyh2p5TVAWfcQCIHESdZlDuGkOv2",10,52,"2019-01-09 23:49:00","2019-01-09 22:45:00",10400
"2019-01-16","HpoHvy3AowqwC9jLzcVxnUNFUdQDIutU",10,44,"2019-01-16 15:38:00","2019-01-16 15:16:00",2200
"2018-07-10","z8y9AYXLRyOy+c0xRAPqxg==",10,58,"2018-07-10 12:01:00","2018-07-10 11:36:00",6500
"2018-11-21","7QOV0hnQdUshE7VDtlv6tA==",10,56,"2018-11-21 08:55:00","2018-11-21 08:41:00",1400
"2019-02-09","TF/6i8LFis3afR6z6hf1ig==",9,44,"2019-02-09 13:50:00","2019-02-09 13:45:00",500
"2018-11-21","z9ne5KwyQjd9L+yDHTEU1Q==",9,58,"2018-11-21 14:45:00","2018-11-21 14:38:00",700
"2018-06-21","8/0HtSuyg+2HsTnrYEqH2A==",9,50,"2018-06-21 14:23:00","2018-06-21 14:15:00",800
"2018-09-27","pY/d3bpyi8us+igvZW6Z7Q==",9,48,"2018-09-27 14:36:00","2018-09-27 13:34:00",10200
"2018-11-23","CPoEvjNb56jiUoUe5HXuvw==",9,56,"2018-11-23 10:24:00","2018-11-23 09:55:00",6900
"2018-11-21","8pQlf7wNRkM6PU9h8jWhcQ==",8,58,"2018-11-21 15:19:00","2018-11-21 14:34:00",8500
"2018-10-30","qjpe9aF0INEa8ktEnpz/krKj9qCBdR+6",8,52,"2018-10-30 12:34:00","2018-10-30 12:03:00",3100
"2018-07-12","jFg8MjQOFVuy+c0xRAPqxg==",8,56,"2018-07-12 08:26:00","2018-07-12 08:24:00",200
"2018-11-21","9JnHnI3Be2gn+XEpCWZxTg==",8,58,"2018-11-21 12:14:00","2018-11-21 11:22:00",9200
"2018-09-27","GnPvAmLEjzUSOT0+8Zg5jQ==",8,48,"2018-09-27 16:35:00","2018-09-27 16:33:00",200
"2019-01-09","9ae6QupP6x4DN21tdhrbzA==",8,52,"2019-01-09 12:26:00","2019-01-09 12:12:00",1400
"2019-01-10","LQ3gdLHt2yNdH7omDpA4uA==",8,52,"2019-01-10 12:48:00","2019-01-10 12:25:00",2300
"2019-01-29","/G2WXOLtCJ8SVhjIY5RNXg==",8,48,"2019-01-29 14:07:00","2019-01-29 13:09:00",9800
"2018-07-10","9ps2DT4SUz1kOMAANkZSnw==",8,58,"2018-07-10 08:58:00","2018-07-10 08:35:00",2300
"2018-05-11","VxOTIdQ+P7WN5rjsLLTqJg==",8,52,"2018-05-11 15:09:00","2018-05-11 15:01:00",800
"2019-02-28","0LzSCbDi6Nn68DrWav/mOg==",8,48,"2019-02-28 09:35:00","2019-02-28 09:33:00",200
"2019-03-04","2d12HSImF40rbBVc8INkCg==",8,48,"2019-03-04 17:41:00","2019-03-04 17:39:00",200
"2018-07-13","KCtQh4+o05zZllvvXBQitQ==",8,56,"2018-07-13 09:21:00","2018-07-13 08:43:00",7800
"2018-07-13","quOtNZqXLeCnKGPDqALdRg==",8,56,"2018-07-13 13:52:00","2018-07-13 13:32:00",2000
"2018-09-25","T2mY2cGiVighW11FggRlnSdZlDuGkOv2",8,48,"2018-09-25 21:07:00","2018-09-25 20:33:00",7400
"2018-10-02","qjpe9aF0INEa8ktEnpz/krKj9qCBdR+6",8,52,"2018-10-02 15:34:00","2018-10-02 14:19:00",11500
"2018-10-04","MDUA5+nOCday+c0xRAPqxg==",8,54,"2018-10-04 14:29:00","2018-10-04 13:47:00",8200
"2018-10-27","oVqI+pIguLE/xP4CeDNBqg==",8,52,"2018-10-27 09:00:00","2018-10-27 08:53:00",4700
"2018-11-21","xjVpuUMdHj5Z+eqolmDUog==",8,56,"2018-11-21 17:29:00","2018-11-21 16:49:00",8000
"2018-12-12","qkPiKwkIDutfLxpXs0ZyHA==",7,48,"2018-12-12 15:48:00","2018-12-12 15:18:00",3000
"2019-01-12","09ytMg66asF8MfuPZWI/Yw==",7,50,"2019-01-12 20:17:00","2019-01-12 19:32:00",8500
"2018-10-27","Ccswz0R6f11jfNy7emcCiQ==",7,52,"2018-10-27 10:48:00","2018-10-27 10:21:00",2700
"2018-07-10","ksDkbA9atS7nLOsfshSs+w==",7,58,"2018-07-10 14:35:00","2018-07-10 13:29:00",10600
"2019-03-07","3o3656ZqQ6Y6PU9h8jWhcQ==",7,48,"2019-03-07 22:02:00","2019-03-07 21:58:00",4400
"2018-07-13","LnZNoDFg6JqsODyMkp3ahw==",7,56,"2018-07-13 10:34:00","2018-07-13 10:28:00",600
"2018-11-20","vu4OD4UAzVyOC+lxL27nOQbfpgeA9CH3",7,58,"2018-11-20 10:20:00","2018-11-20 10:05:00",1500
"2018-11-23","vZ4EBKab5r0rE6wiFF8knw==",7,56,"2018-11-23 15:52:00","2018-11-23 14:59:00",9300
"2019-03-07","piPe2+qlAPEhE7VDtlv6tA==",7,50,"2019-03-07 13:35:00","2019-03-07 13:29:00",600
"2019-01-10","ZCtvOrunTaD9G1/BBlnpYQ==",7,50,"2019-01-10 12:38:00","2019-01-10 12:35:00",300
"2019-01-11","b3cGcmCPaQIjI7AKqTwsZg==",7,52,"2019-01-11 14:14:00","2019-01-11 13:59:00",5500
"2018-07-16","Mk4EzR8nt+1lKZKuCyn6hw==",7,50,"2018-07-16 08:18:00","2018-07-16 08:17:00",100
"2018-05-11","DtCZnncE3Y6tP/dAK8EqGA==",7,52,"2018-05-11 17:29:00","2018-05-11 17:23:00",600
"2018-06-20","JjfN2Dn6vGeSalLeJ6DGGg==",7,48,"2018-06-20 12:11:00","2018-06-20 11:53:00",5800
"2018-06-21","fbkNKwXuX7VC24ceuu0yaQ==",7,50,"2018-06-21 12:26:00","2018-06-21 11:47:00",7900
"2019-01-14","w5p17ZTRGr8EVUGL4qhqDQ==",7,48,"2019-01-14 10:47:00","2019-01-14 10:46:00",100
"2019-01-24","EG9HDuC/TXnHRkO57zM7GA==",7,42,"2019-01-24 16:56:00","2019-01-24 16:50:00",600
"2018-07-16","spSwpqVII6jLTyWax8qUPg==",7,52,"2018-07-16 14:45:00","2018-07-16 14:44:00",100
"2018-10-18","IkY+Y9Du/1jhQOU6YyRPEw==",7,44,"2018-10-18 20:12:00","2018-10-18 20:05:00",700
"2018-10-29","qrkAWYG3Nu4K0jYrt1N+tg==",7,50,"2018-10-29 10:43:00","2018-10-29 10:21:00",2200
"2018-11-21","hbTRE7e5CyUVOxSgGwEz1g==",7,58,"2018-11-21 09:04:00","2018-11-21 09:01:00",300
"2018-11-23","8c/OkK5pD1W/wfQV7CH+8w==",7,50,"2018-11-23 21:39:00","2018-11-23 21:11:00",2800
"2018-12-12","aOhs1spu2WUgO7QgrTKHBg==",6,48,"2018-12-12 18:12:00","2018-12-12 18:06:00",600
"2018-07-10","JjfN2Dn6vGeSalLeJ6DGGg==",6,58,"2018-07-10 15:58:00","2018-07-10 15:29:00",2900
"2019-01-10","w7/ix1R6B0V4kajCoDilESdZlDuGkOv2",6,52,"2019-01-10 13:32:00","2019-01-10 13:31:00",100
"2018-10-04","pU+l2RQv7BjO990BLQiVoA==",6,34,"2018-10-04 10:57:00","2018-10-04 09:44:00",11300
"2018-10-06","oNV8UMdBuEWxZaqUO4QL/w==",6,52,"2018-10-06 16:24:00","2018-10-06 16:12:00",1200
"2018-12-21","Dfu89ru2qtwZB+PqxNpVAg==",6,42,"2018-12-21 07:41:00","2018-12-21 07:27:00",1400
"2019-01-07","ozF+8zK0/kInl/iO9l/56A==",6,40,"2019-01-07 06:00:00","2019-01-07 05:47:00",5300
"2018-06-20","r61ZQuVSo5CaUuWzWmOgjQ==",6,52,"2018-06-20 12:21:00","2018-06-20 11:52:00",6900
"2019-01-10","qi3BxutKYKxwywYcxOh5iA==",6,52,"2019-01-10 12:45:00","2019-01-10 12:19:00",2600
"2018-06-21","VdO5cqWjoueLAe+dEcRXlQ==",6,50,"2018-06-21 15:33:00","2018-06-21 14:24:00",10900
"2018-07-12","24c/eH3s66uRjZJIP2pOyw==",6,56,"2018-07-12 08:08:00","2018-07-12 08:02:00",600
"2019-02-14","afM/+FGABnvNtQ7gQ4347A==",6,40,"2019-02-14 13:44:00","2019-02-14 13:42:00",200
"2018-11-10","zI05kGBEy+5VueEKFmZXpg==",6,48,"2018-11-10 11:58:00","2018-11-10 11:50:00",800
"2018-11-20","fhbSkwe6+K8GkWfuFGNdorCzuDvg5VeQ",6,58,"2018-11-20 14:59:00","2018-11-20 14:31:00",2800
"2019-02-28","4DgMJLW7NV2SalLeJ6DGGg==",6,48,"2019-02-28 18:04:00","2019-02-28 17:45:00",5900
"2018-11-02","ZqCorfvjTvgTmeOheTphaw==",6,48,"2018-11-02 15:59:00","2018-11-02 15:25:00",3400
"2019-02-02","cS0zefWHWCxmTz2DFhoLNA==",6,52,"2019-02-02 19:28:00","2019-02-02 19:15:00",1300
"2019-01-31","z1jgnj67JDKulES/TCNumA==",6,48,"2019-01-31 08:28:00","2019-01-31 08:25:00",300
"2018-07-10","TAI21aLzrcseBUgxNs2lhA==",6,56,"2018-07-10 15:10:00","2018-07-10 15:09:00",100
"2019-02-11","Dfu89ru2qtwZB+PqxNpVAg==",6,44,"2019-02-11 07:44:00","2019-02-11 07:27:00",1700
"2019-03-07","82mSrBBdOXTePWmkzgE5wQ==",6,50,"2019-03-07 17:39:00","2019-03-07 17:25:00",1400
"2018-09-26","9c43Z72YOjFmNonOZtA81A==",6,48,"2018-09-26 21:20:00","2018-09-26 21:19:00",100
"2018-09-26","pkxWaBysGusCdJiqtmvk8g==",6,48,"2018-09-26 13:26:00","2018-09-26 13:24:00",200
"2018-10-04","kj4D0HdHTVEw1FkNHbk6Bw==",6,52,"2018-10-04 12:05:00","2018-10-04 11:41:00",6400
"2018-05-16","qjpe9aF0INEa8ktEnpz/krKj9qCBdR+6",6,48,"2018-05-16 14:25:00","2018-05-16 14:16:00",900
"2018-10-27","k9cLtrRaAqi1/S3kfyUtdg==",6,52,"2018-10-27 16:18:00","2018-10-27 16:12:00",600
"2018-11-21","UNltToWcle43wTs3MUHeoA==",6,56,"2018-11-21 10:43:00","2018-11-21 10:29:00",1400
"2018-11-22","4LPoUa7imqI5iEzdKKq9kw==",6,56,"2018-11-22 11:13:00","2018-11-22 10:29:00",8400
"2018-11-22","UvRyoERSqj1b9qSwGrqQuw==",6,56,"2018-11-22 11:00:00","2018-11-22 10:17:00",8300
"2018-05-08","9JnHnI3Be2gn+XEpCWZxTg==",5,64,"2018-05-08 11:25:00","2018-05-08 11:18:00",700
"2018-05-08","b8Ts0+JNp7IB91QRd+30h00vI8O8qqxZ",5,68,"2018-05-08 12:22:00","2018-05-08 12:14:00",800
"2018-05-08","byR7qBL2ylDPDyKPeW9OIA==",5,68,"2018-05-08 11:29:00","2018-05-08 11:16:00",1300
"2018-05-08","e3mpcKN2XQZDm/o4rbCdfg==",5,68,"2018-05-08 11:29:00","2018-05-08 11:20:00",900
"2019-01-31","eS+bsxtDb0UaFhQmp7NyNg==",5,50,"2019-01-31 14:08:00","2019-01-31 13:34:00",7400
"2019-01-11","dz+TbN0DxvjDt6SnlypP9Q==",5,52,"2019-01-11 11:32:00","2019-01-11 11:25:00",700
"2019-01-29","4HVhijEdFPw1pLwfmY31bAbfpgeA9CH3",5,48,"2019-01-29 20:37:00","2019-01-29 20:24:00",1300
"2019-01-31","AzifhpaXBBimNQf2x7O/gg==",5,50,"2019-01-31 18:26:00","2019-01-31 18:22:00",400
"2018-07-17","iC9Ys1VRh7CaUuWzWmOgjQ==",5,52,"2018-07-17 13:34:00","2018-07-17 13:32:00",200
"2018-10-08","C+W/mi79UeXV40HUFbVTEA==",5,48,"2018-10-08 10:43:00","2018-10-08 10:41:00",200
"2018-11-21","Gd/5hy70DzfNv6MQoTBQeA==",5,58,"2018-11-21 15:38:00","2018-11-21 15:34:00",400
"2019-01-16","cE6cWzMepCwU4uF+eGJ52ENFUdQDIutU",5,42,"2019-01-16 08:18:00","2019-01-16 08:15:00",300
"2019-01-18","qjpe9aF0INEa8ktEnpz/krKj9qCBdR+6",5,44,"2019-01-18 14:34:00","2019-01-18 13:54:00",8000
"2018-07-09","b3cGcmCPaQIjI7AKqTwsZg==",5,58,"2018-07-09 08:47:00","2018-07-09 08:44:00",300
"2018-07-10","+8s9FVOE/OsSVhjIY5RNXg==",5,56,"2018-07-10 10:02:00","2018-07-10 09:58:00",4400
"2019-02-11","kTtyfeiAEERjfNy7emcCiQ==",5,44,"2019-02-11 14:30:00","2019-02-11 14:27:00",300
"2019-02-25","afM/+FGABnvNtQ7gQ4347A==",5,44,"2019-02-25 13:47:00","2019-02-25 13:45:00",200
"2019-03-01","EtvU71srOyuFmiC8444ecQ==",5,50,"2019-03-01 13:23:00","2019-03-01 13:22:00",100
"2019-03-01","mmtU8Z2yOSFxZc6oaGOyheMiq6tdELRS",5,50,"2019-03-01 20:02:00","2019-03-01 20:01:00",100
"2018-09-24","T2mY2cGiVighW11FggRlnSdZlDuGkOv2",5,42,"2018-09-24 21:42:00","2018-09-24 20:38:00",10400
"2018-10-04","ll+RPTS3G+05iEzdKKq9kw==",5,52,"2018-10-04 18:38:00","2018-10-04 18:21:00",1700
"2018-10-06","dXBZtyW6S74YBHN1pM46dA==",5,50,"2018-10-06 16:24:00","2018-10-06 16:22:00",200
"2018-10-23","wxMfL3C1oVnPDyKPeW9OIA==",5,50,"2018-10-23 20:48:00","2018-10-23 20:15:00",3300
"2018-10-27","hg39PxGvZQP+6Xd2ws6Ygg==",5,48,"2018-10-27 20:34:00","2018-10-27 20:09:00",2500
"2018-11-21","LytTGMF84HjOZjBRI12y/w==",5,56,"2018-11-21 22:10:00","2018-11-21 21:58:00",5200
"2018-11-21","pIpHdPodLWPNtQ7gQ4347A==",5,56,"2018-11-21 19:11:00","2018-11-21 19:09:00",200
"2018-11-22","CaMieeoVKSoZB+PqxNpVAg==",5,56,"2018-11-22 11:07:00","2018-11-22 10:53:00",5400
"2019-01-01","ozF+8zK0/kInl/iO9l/56A==",5,42,"2019-01-01 06:29:00","2019-01-01 06:19:00",1000
"2018-06-19","RExWVhJRUoljfNy7emcCiQ==",5,52,"2018-06-19 14:10:00","2018-06-19 14:03:00",700
"2018-07-09","S5G9hFQYGguulES/TCNumA==",5,55,"2018-07-09 09:45:00","2018-07-09 09:41:00",400
"2019-02-08","Dfu89ru2qtwZB+PqxNpVAg==",5,44,"2019-02-08 07:47:00","2019-02-08 07:43:00",400
"2018-07-10","VGcIqtRcv9rEwA7Wvz1xKw==",5,58,"2018-07-10 08:03:00","2018-07-10 07:15:00",8800
"2019-02-22","vVdj6uoyVFgaFhQmp7NyNg==",5,42,"2019-02-22 12:35:00","2019-02-22 12:34:00",100
"2018-07-12","IEo915QafAAQQHr71Hi48w==",5,56,"2018-07-12 10:31:00","2018-07-12 10:16:00",1500
"2019-02-27","cQuwHNW0n4aZHG8hIL5Mlg==",5,48,"2019-02-27 10:27:00","2019-02-27 10:14:00",1300
"2019-03-05","lnCsWpysfreuy/kG3uJTSw==",5,50,"2019-03-05 16:08:00","2019-03-05 15:52:00",5600
"2018-07-17","uguVcUaO90dmNonOZtA81A==",5,52,"2018-07-17 16:25:00","2018-07-17 15:15:00",11000
"2018-08-03","qpIpHTQchkQ39D1w2b8JKXwjFw56XePy",5,50,"2018-08-03 19:09:00","2018-08-03 19:07:00",200
"2018-10-01","qKHBgy15ScbcGINn8bvm5w==",5,52,"2018-10-01 14:30:00","2018-10-01 14:11:00",1900
"2018-10-05","4LPoUa7imqI5iEzdKKq9kw==",5,52,"2018-10-05 10:12:00","2018-10-05 09:12:00",10000
"2018-11-20","j1yEzu1VKkBbSy/ZKpVY4LKj9qCBdR+6",5,56,"2018-11-20 14:43:00","2018-11-20 14:38:00",500
"2018-11-21","MJkyOmbmeo/MEfVYDQf3BQ==",5,56,"2018-11-21 07:28:00","2018-11-21 07:17:00",1100
"2018-11-23","IfR/iSBdhHl2f+SHd6Ri75keGykCOOky",5,56,"2018-11-23 13:16:00","2018-11-23 13:08:00",800
"2018-11-29","KZ7ogXvF5aUTmeOheTphaw==",5,50,"2018-11-29 15:10:00","2018-11-29 15:08:00",200
"2018-05-08","95N+p8pMvDLSPRWgha0zDQ==",4,68,"2018-05-08 11:30:00","2018-05-08 11:17:00",1300
"2018-05-08","HL3nII0bneKryJ/4Gqv4sw==",4,68,"2018-05-08 11:21:00","2018-05-08 11:18:00",300
"2018-12-18","IQiQgs3q3EUP+MHTWjEmQ0NFUdQDIutU",4,32,"2018-12-18 11:23:00","2018-12-18 11:10:00",1300
"2018-07-13","/aD7PCPHnERkOMAANkZSnw==",4,56,"2018-07-13 08:39:00","2018-07-13 08:39:00",0
"2018-10-02","CfjPuN1RT4bY2J3KOxjZGw==",4,52,"2018-10-02 11:43:00","2018-10-02 11:42:00",100
"2018-11-21","95N+p8pMvDLSPRWgha0zDQ==",4,58,"2018-11-21 12:40:00","2018-11-21 12:27:00",1300
"2018-11-23","5845bLBHVMQrE6wiFF8knw==",4,56,"2018-11-23 10:10:00","2018-11-23 10:07:00",300
"2018-12-13","qjpe9aF0INEa8ktEnpz/krKj9qCBdR+6",4,48,"2018-12-13 12:45:00","2018-12-13 11:47:00",9800
"2019-02-08","PjOOBPVR73guI8UfnwkfCA==",4,46,"2019-02-08 21:25:00","2019-02-08 20:39:00",8600
"2019-02-07","Zny4ND33TafFLXRR8X0t2A==",4,48,"2019-02-07 13:25:00","2019-02-07 13:18:00",700
"2018-07-27","IQiQgs3q3EWwzlUbSIvmUqeKnSoEIo2O",4,26,"2018-07-27 13:34:00","2018-07-27 13:12:00",2200
"2018-11-20","x1JRRvL452NhVf/AZNqiduMiq6tdELRS",4,58,"2018-11-20 14:47:00","2018-11-20 14:44:00",300
"2018-11-21","ZZm9Xwqh3iAgks/Hc0IieA==",4,56,"2018-11-21 08:13:00","2018-11-21 08:12:00",100
"2018-11-26","bUrzKB4IftSEbadF6ldX2ydZlDuGkOv2",4,50,"2018-11-26 12:28:00","2018-11-26 12:27:00",100
"2018-06-13","qjpe9aF0INEa8ktEnpz/krKj9qCBdR+6",4,44,"2018-06-13 14:10:00","2018-06-13 13:42:00",6800
"2018-06-20","VdO5cqWjoueLAe+dEcRXlQ==",4,52,"2018-06-20 15:45:00","2018-06-20 15:44:00",100
"2018-06-21","e+m7KlhrlOmSalLeJ6DGGg==",4,50,"2018-06-21 13:11:00","2018-06-21 13:06:00",500
"2018-06-26","LHmb3qoFpEgK0jYrt1N+tg==",4,42,"2018-06-26 15:51:00","2018-06-26 15:49:00",200
"2019-01-28","u7+lgZHKT9IOseQ+D8EJXg==",4,44,"2019-01-28 12:09:00","2019-01-28 12:09:00",0
"2019-02-01","ozF+8zK0/kInl/iO9l/56A==",4,42,"2019-02-01 05:59:00","2019-02-01 05:48:00",1100
"2018-07-10","33J/Q4rokmOZcYyuv65uhg==",4,56,"2018-07-10 14:03:00","2018-07-10 13:01:00",10200
"2018-07-10","nkeUyFH+jvL5Rz6ltFoMAA==",4,58,"2018-07-10 04:33:00","2018-07-10 03:40:00",9300
"2018-07-10","ugQaRLQes7KMp446rGjxNA==",4,58,"2018-07-10 14:19:00","2018-07-10 14:17:00",200
"2018-07-12","PFuo9E9To4SFRARWgCeLHw==",4,56,"2018-07-12 10:07:00","2018-07-12 10:05:00",200
"2019-03-05","pY/d3bpyi8us+igvZW6Z7Q==",4,50,"2019-03-05 12:30:00","2019-03-05 12:24:00",600
"2019-03-04","qPro8l4Vfojvf64RIrg96g==",4,48,"2019-03-04 11:24:00","2019-03-04 10:57:00",6700
"2018-07-13","MZg5mnWD9lWtQ1KCk1i/Uw==",4,56,"2018-07-13 14:28:00","2018-07-13 14:25:00",300
"2018-07-16","b+ZN/563moJr/SDLTfEf7A==",4,53,"2018-07-16 11:01:00","2018-07-16 10:56:00",4500
"2018-07-17","53+VqUHC3z+RjZJIP2pOyw==",4,52,"2018-07-17 14:45:00","2018-07-17 14:43:00",200
"2018-09-22","IQiQgs3q3EUP+MHTWjEmQ0NFUdQDIutU",4,26,"2018-09-22 10:26:00","2018-09-22 09:40:00",8600
"2018-10-02","XBt6JxOvNdKq0RDCt/IIRw==",4,52,"2018-10-02 12:23:00","2018-10-02 12:21:00",200
"2018-05-11","0XJUQi2+hdCxZaqUO4QL/w==",4,52,"2018-05-11 14:03:00","2018-05-11 13:38:00",6500
"2018-11-21","Tfowha3nILP5Rz6ltFoMAA==",4,56,"2018-11-21 17:51:00","2018-11-21 17:47:00",400
"2018-11-25","57zas/dyRDgjI7AKqTwsZg==",4,18,"2018-11-25 22:45:00","2018-11-25 21:49:00",9600
"2018-12-15","szj1uONjXVYSVhjIY5RNXg==",4,44,"2018-12-15 15:56:00","2018-12-15 15:50:00",600
"2018-12-21","ozF+8zK0/kInl/iO9l/56A==",4,42,"2018-12-21 15:01:00","2018-12-21 14:19:00",8200
"2019-01-08","F8HLnm8xFIy9Bbsf1I0XbA==",4,52,"2019-01-08 15:32:00","2019-01-08 15:22:00",1000
"2018-06-20","YDtApXXhf3UEVUGL4qhqDQ==",4,52,"2018-06-20 15:32:00","2018-06-20 15:30:00",200
"2019-01-11","afM/+FGABnvNtQ7gQ4347A==",4,52,"2019-01-11 18:29:00","2019-01-11 18:28:00",100
"2019-01-12","1Q1zz6EEeuVoUbgf9v8gYw==",4,46,"2019-01-12 20:50:00","2019-01-12 20:22:00",2800
"2019-01-14","0F/qgMJfuMuZFMlCRXDKUQ==",4,48,"2019-01-14 09:07:00","2019-01-14 09:04:00",300
"2019-01-18","RD6UbsMaWZMOseQ+D8EJXg==",4,44,"2019-01-18 11:43:00","2019-01-18 11:40:00",300
"2018-07-09","Oi8vO5bWMscEVUGL4qhqDQ==",4,58,"2018-07-09 14:48:00","2018-07-09 14:46:00",200
"2018-07-10","Dfu89ru2qtzsM0VoXYLEfw==",4,56,"2018-07-10 13:18:00","2018-07-10 12:26:00",9200
"2019-02-04","lVVLJESgA0rDt6SnlypP9Q==",4,50,"2019-02-04 08:44:00","2019-02-04 08:34:00",1000
"2019-02-11","3A6QjR3rOe05iEzdKKq9kw==",4,40,"2019-02-11 16:23:00","2019-02-11 16:22:00",100
"2019-02-09","HWFxecImVYOXtZYRytkRbQ==",4,44,"2019-02-09 15:26:00","2019-02-09 15:25:00",100
"2018-07-12","+kTaQUyKGsH9gJt35g7ctQ==",4,56,"2018-07-12 20:30:00","2018-07-12 20:29:00",100
"2019-02-22","zJqZy3w5W4GOe9kd4zdRbg==",4,42,"2019-02-22 10:09:00","2019-02-22 10:07:00",200
"2019-02-25","QPaG5ufkg8bz7g5ibA/jUg==",4,42,"2019-02-25 14:10:00","2019-02-25 14:06:00",400
"2019-02-25","O21RHuCZd/xpA9dQkgrZrQ==",4,44,"2019-02-25 11:29:00","2019-02-25 11:17:00",1200
"2019-02-28","An6EEePfOK0EVUGL4qhqDQ==",4,48,"2019-02-28 08:59:00","2019-02-28 08:56:00",300
"2018-07-12","oxY1G2+WGUOFRARWgCeLHw==",4,56,"2018-07-12 16:18:00","2018-07-12 16:04:00",1400
"2019-03-04","UgKBhUumbjsp7fZC5g+gBg==",4,50,"2019-03-04 20:45:00","2019-03-04 20:44:00",100
"2019-03-07","zwgdIroIbNZDm/o4rbCdfg==",4,48,"2019-03-07 13:25:00","2019-03-07 13:21:00",400
"2018-07-13","u9EaGQGWDX+OVPTsky5U4A==",4,56,"2018-07-13 16:32:00","2018-07-13 16:31:00",100
"2018-07-13","zl6vIWrHUWLY2J3KOxjZGw==",4,56,"2018-07-13 14:27:00","2018-07-13 13:41:00",8600
"2018-07-16","DL3xtYdpfqWN5rjsLLTqJg==",4,48,"2018-07-16 13:36:00","2018-07-16 13:35:00",100
"2018-07-16","qpIpHTQchkQ39D1w2b8JKXwjFw56XePy",4,52,"2018-07-16 20:36:00","2018-07-16 19:42:00",9400
"2018-07-17","pkxWaBysGusCdJiqtmvk8g==",4,50,"2018-07-17 16:17:00","2018-07-17 16:16:00",100
"2018-07-26","IQiQgs3q3EUP+MHTWjEmQ0NFUdQDIutU",4,26,"2018-07-26 12:19:00","2018-07-26 11:04:00",11500
"2018-09-27","T2mY2cGiVighW11FggRlnSdZlDuGkOv2",4,50,"2018-09-27 21:25:00","2018-09-27 20:46:00",7900
"2018-10-02","5Pu8320sUSMGFbujWwqHYw==",4,52,"2018-10-02 08:50:00","2018-10-02 08:49:00",100
"2018-10-02","RRYA0qJdvp9By4icC+7Ziw==",4,48,"2018-10-02 14:29:00","2018-10-02 14:28:00",100
"2018-10-03","8nhTS8mOwoD/fAc/d4oPzw==",4,52,"2018-10-03 14:28:00","2018-10-03 14:12:00",1600
"2018-10-04","TuQH2lSTZn75VIZ2NMk7r+b5ksILhAW/",4,48,"2018-10-04 19:49:00","2018-10-04 18:44:00",10500
"2018-10-05","WPymZ5LXWMSsODyMkp3ahw==",4,50,"2018-10-05 10:02:00","2018-10-05 09:35:00",6700
"2018-10-11","qjpe9aF0INEa8ktEnpz/krKj9qCBdR+6",4,42,"2018-10-11 15:16:00","2018-10-11 14:28:00",8800
"2018-11-02","zI05kGBEy+6xZaqUO4QL/w==",4,48,"2018-11-02 16:04:00","2018-11-02 15:59:00",4500
"2018-11-20","Np4Drjwrz5FLjGIRMQ4aUbCzuDvg5VeQ",4,56,"2018-11-20 14:51:00","2018-11-20 14:48:00",300
"2018-11-21","jBMmcYRGF1wSOT0+8Zg5jQ==",4,58,"2018-11-21 09:19:00","2018-11-21 09:06:00",1300
"2018-11-21","JgQpoMtyBylvHEzzw8qZOQ==",4,56,"2018-11-21 09:52:00","2018-11-21 09:50:00",200
"2018-11-21","QQ0Q+AE3THN9LzG89L4A4A==",4,58,"2018-11-21 10:52:00","2018-11-21 10:48:00",400
"2018-11-21","r3rGCcCWvb93JC03TBe1Mw==",4,58,"2018-11-21 14:53:00","2018-11-21 14:46:00",700
"2018-11-21","UxjBHdCni6ANyVuUU4kunw==",4,56,"2018-11-21 12:55:00","2018-11-21 12:55:00",0
"2018-11-22","cE6cWzMepCwU4uF+eGJ52ENFUdQDIutU",4,56,"2018-11-22 13:53:00","2018-11-22 12:51:00",10200
"2018-11-22","US5yvSzFAqFhUwlD6n8Txg==",4,56,"2018-11-22 18:04:00","2018-11-22 17:57:00",4700
"2018-11-22","vCtL4U0h9VncDWYeuStYOA==",4,56,"2018-11-22 10:20:00","2018-11-22 10:18:00",200
"2018-11-24","Znev/mmJjZeefLZg1e4QB+b5ksILhAW/",4,52,"2018-11-24 15:06:00","2018-11-24 14:48:00",5800
"2018-11-28","qDQ+1GB4dW3dTeglStjfcg==",4,48,"2018-11-28 13:55:00","2018-11-28 13:52:00",300
"2018-11-29","GM0sJ6ofGN2xZaqUO4QL/w==",4,48,"2018-11-29 10:18:00","2018-11-29 10:12:00",600
"2018-05-31","Vn30myxdo6n1FEayO5brJA==",3,50,"2018-05-31 12:37:00","2018-05-31 12:32:00",500
"2018-06-01","DtCZnncE3Y6tP/dAK8EqGA==",3,50,"2018-06-01 17:55:00","2018-06-01 17:51:00",400
"2018-12-12","8pQlf7wNRkM6PU9h8jWhcQ==",3,48,"2018-12-12 15:10:00","2018-12-12 15:08:00",200
"2018-05-08","7/Q9CsrnxxTbmCKXyjjOWA==",3,68,"2018-05-08 11:25:00","2018-05-08 11:18:00",700
"2018-10-04","xyW36xj3Rs728cmQFAKqnA==",3,52,"2018-10-04 15:05:00","2018-10-04 14:17:00",8800
"2018-12-12","iC9Ys1VRh7DDNXJlZU7gXw==",3,48,"2018-12-12 14:25:00","2018-12-12 14:23:00",200
"2019-02-04","piPe2+qlAPEhE7VDtlv6tA==",3,48,"2019-02-04 14:02:00","2019-02-04 13:55:00",4700
"2019-03-05","ARB3RVdEDmCAG2cv0TORrQ==",3,50,"2019-03-05 15:51:00","2019-03-05 14:35:00",11600
"2018-05-08","fW4bpYbyeT0u7gPVQRvTew==",3,68,"2018-05-08 11:23:00","2018-05-08 11:17:00",600
"2018-07-17","Dfu89ru2qtySbt5H7GjgQg==",3,50,"2018-07-17 15:05:00","2018-07-17 14:47:00",5800
"2018-10-01","8c/OkK5pD1W/wfQV7CH+8w==",3,48,"2018-10-01 14:56:00","2018-10-01 14:30:00",2600
"2018-10-29","1iIc0Pacjq/Y2J3KOxjZGw==",3,48,"2018-10-29 10:22:00","2018-10-29 10:20:00",200
"2018-12-10","MDUA5+nOCday+c0xRAPqxg==",3,44,"2018-12-10 09:40:00","2018-12-10 09:37:00",300
"2019-01-11","iotb61jPavrNtQ7gQ4347A==",3,50,"2019-01-11 17:45:00","2019-01-11 17:41:00",400
"2019-01-24","57zas/dyRDgjI7AKqTwsZg==",3,38,"2019-01-24 17:13:00","2019-01-24 16:58:00",5500
"2019-02-08","6O9Casv6gO21/S3kfyUtdg==",3,34,"2019-02-08 10:29:00","2019-02-08 09:39:00",9000
"2018-07-12","0ICsxPbs3/LY2J3KOxjZGw==",3,56,"2018-07-12 14:43:00","2018-07-12 14:43:00",0
"2018-07-12","IuYSzXWJ6fkp7fZC5g+gBg==",3,56,"2018-07-12 10:31:00","2018-07-12 10:23:00",800
"2018-07-17","Ht7x9OdxE1b181BYy8raKA==",3,46,"2018-07-17 16:21:00","2018-07-17 15:36:00",8500
"2018-10-01","cx6XbD6lLLvdTeglStjfcg==",3,52,"2018-10-01 11:31:00","2018-10-01 11:10:00",2100
"2018-10-04","EwLad1Ma0i0MLb89GbSCbw==",3,54,"2018-10-04 16:58:00","2018-10-04 16:46:00",1200
"2018-10-04","KwDOGGj+LIBcXikMoaRVTw==",3,50,"2018-10-04 12:40:00","2018-10-04 12:38:00",200
"2018-10-04","xyW36xj3Rs7wghxU3kM29w==",3,52,"2018-10-04 15:07:00","2018-10-04 14:33:00",7400
"2018-10-06","xEcXj4jz2qv3SRE4Fgftbg==",3,52,"2018-10-06 14:46:00","2018-10-06 14:38:00",800
"2018-10-25","T2mY2cGiVighW11FggRlnSdZlDuGkOv2",3,48,"2018-10-25 11:34:00","2018-10-25 10:53:00",8100
"2018-10-27","mXhH9NTO9ki1/S3kfyUtdg==",3,52,"2018-10-27 10:06:00","2018-10-27 10:00:00",600
"2018-10-29","1Q1zz6EEeuVoUbgf9v8gYw==",3,46,"2018-10-29 17:56:00","2018-10-29 16:52:00",10400
"2018-10-29","t2KTzl26NXt4QSkTuK5ckg==",3,50,"2018-10-29 14:58:00","2018-10-29 14:42:00",1600
"2018-11-20","Dwre2nkteF5mr27rnTw15U0vI8O8qqxZ",3,56,"2018-11-20 18:24:00","2018-11-20 18:24:00",0
"2018-11-21","hrUBt7libZ5pJaeiVI7XgA==",3,56,"2018-11-21 15:11:00","2018-11-21 15:07:00",400
"2018-11-21","oAXtSWMgMGANyVuUU4kunw==",3,56,"2018-11-21 15:04:00","2018-11-21 15:02:00",200
"2018-11-21","wbxL0TwWOsM6PU9h8jWhcQ==",3,58,"2018-11-21 15:12:00","2018-11-21 15:09:00",300
"2018-11-28","T2mY2cGiVighW11FggRlnSdZlDuGkOv2",3,48,"2018-11-28 21:19:00","2018-11-28 21:17:00",200
"2018-11-29","rg9rXf0LYn32as9NRuiPQA==",3,48,"2018-11-29 12:24:00","2018-11-29 12:24:00",0
"2018-12-24","4LPoUa7imqI5iEzdKKq9kw==",3,42,"2018-12-24 15:55:00","2018-12-24 15:50:00",500
"2018-12-17","WPymZ5LXWMSsODyMkp3ahw==",3,42,"2018-12-17 21:59:00","2018-12-17 20:55:00",10400
"2019-01-21","vVdj6uoyVFgaFhQmp7NyNg==",3,42,"2019-01-21 13:53:00","2019-01-21 13:51:00",200
"2019-02-07","fOI4Wg+RfzqpbOExjWmXZA==",3,48,"2019-02-07 13:22:00","2019-02-07 13:18:00",400
"2019-02-12","WPymZ5LXWMSsODyMkp3ahw==",3,42,"2019-02-12 19:08:00","2019-02-12 18:27:00",8100
"2018-05-08","RZ+Kz6yXP6kSVhjIY5RNXg==",3,68,"2018-05-08 11:29:00","2018-05-08 11:18:00",1100
"2018-05-08","v5G/inJYGlbY2J3KOxjZGw==",3,64,"2018-05-08 11:29:00","2018-05-08 11:19:00",1000
"2018-10-04","fvRj8mPWxn45iEzdKKq9kw==",3,54,"2018-10-04 10:51:00","2018-10-04 09:56:00",9500
"2018-05-08","VUZ2u4PoascSVhjIY5RNXg==",3,68,"2018-05-08 11:25:00","2018-05-08 11:24:00",100
"2018-05-08","vZFJ1Xa1M745iEzdKKq9kw==",3,68,"2018-05-08 11:19:00","2018-05-08 11:19:00",0
"2018-05-08","xm6EWyMs3MqyAzuztqeg5A==",3,68,"2018-05-08 11:26:00","2018-05-08 11:17:00",900
"2018-10-04","Y7DAwB16oB7FLXRR8X0t2A==",3,53,"2018-10-04 14:47:00","2018-10-04 14:15:00",3200
"2018-10-05","vvMWA704uoc+/bgLs9CGww==",3,52,"2018-10-05 10:18:00","2018-10-05 09:31:00",8700
"2018-10-29","4sqBwuEKpfxLiX7rhInzXg==",3,48,"2018-10-29 12:12:00","2018-10-29 12:11:00",100
"2018-11-22","b3cGcmCPaQIjI7AKqTwsZg==",3,56,"2018-11-22 11:14:00","2018-11-22 10:34:00",8000
"2018-11-29","FDK6R9tVNFMm+qV2wQnWEA==",3,50,"2018-11-29 14:43:00","2018-11-29 14:43:00",0
"2018-12-13","y9E+PCBcwvBC24ceuu0yaQ==",3,42,"2018-12-13 08:55:00","2018-12-13 08:55:00",0
"2018-12-13","ZVgKkqelTATXZR+s5zZ/nw==",3,34,"2018-12-13 10:40:00","2018-12-13 09:45:00",9500
"2018-12-14","FZtx6v004zgaiV5Nhks4KydZlDuGkOv2",3,26,"2018-12-14 10:45:00","2018-12-14 10:30:00",1500
"2018-12-08","IYzemwCJshPMEfVYDQf3BQ==",3,44,"2018-12-08 11:48:00","2018-12-08 11:20:00",2800
"2019-01-09","uDJ5qSX+8NEitRNDygWYNA==",3,48,"2019-01-09 12:44:00","2019-01-09 12:30:00",1400
"2019-01-10","8nhTS8mOwoD/fAc/d4oPzw==",3,52,"2019-01-10 12:42:00","2019-01-10 12:17:00",2500
"2019-01-11","8pQlf7wNRkM6PU9h8jWhcQ==",3,52,"2019-01-11 08:19:00","2019-01-11 08:17:00",200
"2019-01-11","JiQmut8VTrEhE7VDtlv6tA==",3,48,"2019-01-11 11:26:00","2019-01-11 10:13:00",11300
"2019-01-15","q9Zxz8FvTVVoUbgf9v8gYw==",3,48,"2019-01-15 15:15:00","2019-01-15 14:16:00",9900
"2019-01-21","qjpe9aF0INEa8ktEnpz/krKj9qCBdR+6",3,42,"2019-01-21 14:30:00","2019-01-21 14:20:00",1000
"2019-02-09","dg1ohYDHIxKFuV4uXsuDyA==",3,46,"2019-02-09 14:42:00","2019-02-09 14:37:00",500
"2018-07-10","YMK5PxhxWN6tP/dAK8EqGA==",3,58,"2018-07-10 10:01:00","2018-07-10 09:59:00",4200
"2018-07-10","zoJr/FTDiQ0MtdeUlUlt/g==",3,56,"2018-07-10 15:11:00","2018-07-10 15:11:00",0
"2019-02-27","9VEjWf2BPDbf/8DtlMQOtw==",3,48,"2019-02-27 10:43:00","2019-02-27 10:35:00",800
"2019-03-01","zhEIT4UX/3CKQFGVK6bxNQ==",3,48,"2019-03-01 09:46:00","2019-03-01 09:44:00",200
"2018-07-12","qLDibQ4Gkv0A0oIzHaGkbw==",3,56,"2018-07-12 08:52:00","2018-07-12 08:52:00",0
"2019-03-07","qi3BxutKYKxwywYcxOh5iA==",3,50,"2019-03-07 06:39:00","2019-03-07 05:52:00",8700
"2018-07-13","Ht7x9OdxE1b181BYy8raKA==",3,48,"2018-07-13 08:48:00","2018-07-13 08:19:00",2900
"2018-07-13","qLDibQ4Gkv0A0oIzHaGkbw==",3,56,"2018-07-13 10:23:00","2018-07-13 09:29:00",9400
"2018-07-18","jFg8MjQOFVuy+c0xRAPqxg==",3,47,"2018-07-18 14:10:00","2018-07-18 14:08:00",200
"2018-07-27","k5ezxaqOrc7181BYy8raKA==",3,26,"2018-07-27 16:24:00","2018-07-27 15:50:00",7400
"2018-07-30","dz+TbN0DxvjDt6SnlypP9Q==",3,44,"2018-07-30 10:57:00","2018-07-30 10:56:00",100
"2018-09-08","IQiQgs3q3EUP+MHTWjEmQ0NFUdQDIutU",3,26,"2018-09-08 00:20:00","2018-09-08 00:20:00",0
"2018-05-09","wxMfL3C1oVnPDyKPeW9OIA==",3,52,"2018-05-09 16:59:00","2018-05-09 16:37:00",2200
"2018-10-04","jW6sSIiE6vxdgOgjc5x/Dg==",3,48,"2018-10-04 17:03:00","2018-10-04 17:02:00",100
"2018-10-04","q9Zxz8FvTVXafR6z6hf1ig==",3,54,"2018-10-04 14:54:00","2018-10-04 14:29:00",2500
"2018-10-04","utUInFRXZv8SVhjIY5RNXg==",3,50,"2018-10-04 16:50:00","2018-10-04 16:47:00",300
"2018-10-26","ebKtsNRsNC0xUwq2mXUpPAbfpgeA9CH3",3,48,"2018-10-26 12:58:00","2018-10-26 12:56:00",200
"2018-11-14","4LPoUa7imqI5iEzdKKq9kw==",3,52,"2018-11-14 13:46:00","2018-11-14 13:35:00",1100
"2018-11-20","JVSeDp1eJBKQz2SscYYjfgbfpgeA9CH3",3,56,"2018-11-20 17:15:00","2018-11-20 17:15:00",0
"2018-11-20","Znev/mmJjZeefLZg1e4QB+b5ksILhAW/",3,58,"2018-11-20 16:13:00","2018-11-20 15:17:00",9600
"2018-11-21","eyNM5F+dMxw7KN+mLkmARw==",3,56,"2018-11-21 10:47:00","2018-11-21 10:45:00",200
"2018-11-21","uYjEYnlRzTtmTz2DFhoLNA==",3,56,"2018-11-21 11:08:00","2018-11-21 10:52:00",5600
"2018-11-22","4AiYFHEK6oH+6Xd2ws6Ygg==",3,56,"2018-11-22 10:45:00","2018-11-22 10:44:00",100
"2018-11-23","AOyoBosjc1ZmNonOZtA81A==",3,56,"2018-11-23 16:07:00","2018-11-23 16:06:00",100
"2018-11-23","wrUdTMgcSrVDm/o4rbCdfg==",3,52,"2018-11-23 09:48:00","2018-11-23 09:46:00",200
"2018-11-24","pwHUbBNMTElxLbQFP6Nmb/N63YZUOLDd",3,26,"2018-11-24 05:09:00","2018-11-24 05:02:00",700
"2018-11-29","MDUA5+nOCday+c0xRAPqxg==",3,50,"2018-11-29 10:27:00","2018-11-29 10:25:00",200
"2018-12-03","k5ezxaqOrc7181BYy8raKA==",3,26,"2018-12-03 16:30:00","2018-12-03 15:29:00",10100
"2018-12-13","PjOOBPVR73guI8UfnwkfCA==",3,48,"2018-12-13 10:33:00","2018-12-13 10:05:00",2800
"2018-12-13","L1gfhGTECGzDNBaqIl7FFA==",3,48,"2018-12-13 11:22:00","2018-12-13 11:20:00",200
"2018-06-13","7tl03qIbJhu1/S3kfyUtdg==",3,38,"2018-06-13 15:10:00","2018-06-13 15:09:00",100
"2018-06-16","Ht7x9OdxE1b181BYy8raKA==",3,42,"2018-06-16 19:28:00","2018-06-16 19:16:00",1200
"2018-06-18","98LPz6NlixQHnwxMQSFzbQ==",3,52,"2018-06-18 15:52:00","2018-06-18 15:33:00",1900
"2018-06-18","gDJpXBJbRiaVIw8rXHr/5Q==",3,52,"2018-06-18 09:18:00","2018-06-18 09:14:00",400
"2018-12-23","6O9Casv6gO21/S3kfyUtdg==",3,34,"2018-12-23 16:25:00","2018-12-23 15:28:00",9700
"2018-06-19","afrpRbpj5TeUd6PoCwELJw==",3,48,"2018-06-19 14:05:00","2018-06-19 14:03:00",200
"2019-01-10","04tvjKaCrDZgqF0of7Oblw==",3,52,"2019-01-10 12:26:00","2019-01-10 12:25:00",100
"2019-01-11","/CVIu/jqFi/afR6z6hf1ig==",3,52,"2019-01-11 13:16:00","2019-01-11 13:15:00",100
"2019-01-11","1SQiTbAEi1FoGz58aidUiQ==",3,52,"2019-01-11 10:26:00","2019-01-11 09:55:00",7100
"2018-06-20","wuszVy+Oyi2RUeCrdst8cg==",3,48,"2018-06-20 13:37:00","2018-06-20 12:33:00",10400
"2019-01-11","mWaiF7nhiRW3Z+R7YKGBDg==",3,52,"2019-01-11 10:24:00","2019-01-11 10:16:00",800
"2018-06-21","lL2Njc2KJtMK0jYrt1N+tg==",3,48,"2018-06-21 16:13:00","2018-06-21 15:05:00",10800
"2019-01-15","NsV3DFyk895Ye+4r2Th50g==",3,48,"2019-01-15 13:30:00","2019-01-15 13:27:00",300
"2019-01-16","V+JkJRCXtC61/S3kfyUtdg==",3,42,"2019-01-16 09:37:00","2019-01-16 09:12:00",2500
"2018-07-07","WjCdKn/qF/yM8PEGrWYTXA==",3,56,"2018-07-07 18:06:00","2018-07-07 18:04:00",200
"2018-07-09","33J/Q4rokmOZcYyuv65uhg==",3,58,"2018-07-09 09:21:00","2018-07-09 09:20:00",100
"2018-07-09","fUq9/E88xD0/xP4CeDNBqg==",3,56,"2018-07-09 13:49:00","2018-07-09 13:47:00",200
"2018-07-09","k5ezxaqOrc7181BYy8raKA==",3,26,"2018-07-09 03:38:00","2018-07-09 02:41:00",9700
"2019-01-31","a+G9Tk9YZxc0myx4PzgWNQ==",3,52,"2019-01-31 21:31:00","2019-01-31 21:28:00",300
"2018-07-10","+M57VBg70V19n6z/lgFzgQ==",3,58,"2018-07-10 14:37:00","2018-07-10 13:53:00",8400
"2019-02-02","nkeUyFH+jvL5Rz6ltFoMAA==",3,52,"2019-02-02 19:07:00","2019-02-02 18:32:00",7500
"2019-02-04","fvRj8mPWxn6SalLeJ6DGGg==",3,50,"2019-02-04 14:02:00","2019-02-04 13:52:00",5000
"2018-07-10","Dj0NnEaU+2sSVhjIY5RNXg==",3,56,"2018-07-10 15:16:00","2018-07-10 15:15:00",100
"2019-02-04","NOLuW+9Lx7WKD+Hz6cFX0w==",3,50,"2019-02-04 08:29:00","2019-02-04 08:23:00",600
"2018-07-10","j+5/J4JpGnYHpVH1vCHewg==",3,58,"2018-07-10 16:56:00","2018-07-10 16:31:00",2500
"2019-02-07","pUg4Xok6uP+2SZuDfi6KUA==",3,48,"2019-02-07 12:55:00","2019-02-07 12:55:00",0
"2019-02-07","QeDsdSUS34OOVPTsky5U4A==",3,48,"2019-02-07 12:08:00","2019-02-07 12:06:00",200
"2018-07-10","NU4cdVrWPoRXgUjsJ7Er3w==",3,58,"2018-07-10 13:41:00","2018-07-10 13:23:00",1800
"2018-07-10","SLDKtCyshzTCJnnOB/w1bg==",3,58,"2018-07-10 14:26:00","2018-07-10 14:22:00",400
"2018-07-12","3TdZdDtoysMp/SiVfOk5kw==",3,52,"2018-07-12 14:23:00","2018-07-12 14:21:00",200
"2018-07-12","b3cGcmCPaQIjI7AKqTwsZg==",3,56,"2018-07-12 16:48:00","2018-07-12 16:19:00",2900
"2018-07-12","NHSgHFRMOgbnuEFTY20xIA==",3,56,"2018-07-12 19:28:00","2018-07-12 19:25:00",300
"2018-07-12","NXDxu54twgllKZKuCyn6hw==",3,56,"2018-07-12 15:09:00","2018-07-12 15:08:00",100
"2019-03-05","g8x2ZJftM2qnDAJ71ldXdQ==",3,48,"2019-03-05 17:18:00","2019-03-05 17:17:00",100
"2019-03-05","EnYkfL2cbSBUClazBvvSxQ==",3,50,"2019-03-05 11:53:00","2019-03-05 10:59:00",9400
"2019-03-07","MDUA5+nOCday+c0xRAPqxg==",3,48,"2019-03-07 09:09:00","2019-03-07 09:07:00",200
"2019-03-06","l1ohPZfbc2LnuEFTY20xIA==",3,50,"2019-03-06 17:47:00","2019-03-06 17:46:00",100
"2019-03-07","ZVp0WKb0HYlcJ+x3xVQLWQ==",3,50,"2019-03-07 12:50:00","2019-03-07 12:48:00",200
"2019-03-09","fxNSyUGNKqiamGkOC0MccQ==",3,48,"2019-03-09 12:37:00","2019-03-09 12:35:00",200
"2018-07-13","eYv5UsADpKQx3tM6K7ThOw==",3,56,"2018-07-13 16:39:00","2018-07-13 16:18:00",2100
"2018-07-13","KCBrd29hGOtsLd0sM4Fv6w==",3,56,"2018-07-13 15:58:00","2018-07-13 15:32:00",2600
"2019-02-04","GlDPJsCiKQ0ALGLfcaxSrw==",3,48,"2019-02-04 14:24:00","2019-02-04 14:21:00",300
"2018-07-17","TF/6i8LFis1M7OTum+cZjA==",3,52,"2018-07-17 14:54:00","2018-07-17 14:39:00",1500
"2018-08-01","IQiQgs3q3EUP+MHTWjEmQ0NFUdQDIutU",3,38,"2018-08-01 13:29:00","2018-08-01 12:36:00",9300
"2018-09-26","4LPoUa7imqI5iEzdKKq9kw==",3,48,"2018-09-26 15:27:00","2018-09-26 14:41:00",8600
"2018-10-01","2DQYTy+QrNDyzYubXYypeQ==",3,48,"2018-10-01 14:44:00","2018-10-01 14:07:00",3700
"2018-10-02","i03QeDK9aQaZHG8hIL5Mlg==",3,52,"2018-10-02 12:23:00","2018-10-02 11:37:00",8600
"2018-10-02","t/ECGJdmYlQTmeOheTphaw==",3,52,"2018-10-02 11:43:00","2018-10-02 11:41:00",200
"2018-10-04","fvRj8mPWxn4yt1DsY4UrMA==",3,54,"2018-10-04 10:34:00","2018-10-04 09:17:00",11700
"2018-10-04","KCxtwAEqXFIEd+n3+PFWJA==",3,54,"2018-10-04 10:00:00","2018-10-04 10:00:00",0
"2018-10-04","rz43ScSBNBIEd+n3+PFWJA==",3,54,"2018-10-04 10:00:00","2018-10-04 10:00:00",0
"2018-10-04","TF/6i8LFis2uCj2VquVE1w==",3,54,"2018-10-04 10:23:00","2018-10-04 09:11:00",11200
"2018-10-04","UxjBHdCni6ANyVuUU4kunw==",3,52,"2018-10-04 11:38:00","2018-10-04 10:49:00",8900
"2018-10-04","vvMWA704uocm+qV2wQnWEA==",3,52,"2018-10-04 10:43:00","2018-10-04 09:29:00",11400
"2018-10-04","vvMWA704uod8MfuPZWI/Yw==",3,52,"2018-10-04 09:34:00","2018-10-04 09:21:00",1300
"2018-10-04","xyW36xj3Rs43gwohc/OIiA==",3,50,"2018-10-04 10:34:00","2018-10-04 09:35:00",9900
"2018-12-07","HpoHvy3AowqwC9jLzcVxnUNFUdQDIutU",3,44,"2018-12-07 11:27:00","2018-12-07 11:15:00",1200
"2018-10-06","qMZJ2PMyZYU84yt3ZOMSuw==",3,52,"2018-10-06 14:14:00","2018-10-06 13:50:00",6400
"2018-10-06","qMZJ2PMyZYXY6LNqsVrC0g==",3,52,"2018-10-06 01:23:00","2018-10-06 00:18:00",10500
"2018-10-15","+1sCvx47+rMHk9yYHS4z0A==",3,38,"2018-10-15 12:50:00","2018-10-15 12:48:00",200
"2018-10-17","kxUvpeSqVcU3wTs3MUHeoA==",3,40,"2018-10-17 15:36:00","2018-10-17 15:35:00",100
"2018-10-19","nip/t3oeaJFEHK8w9QNTLw==",3,26,"2018-10-19 22:45:00","2018-10-19 21:53:00",9200
"2018-10-25","JVSeDp1eJBIKtTYPyVz0bvN8shmH/WpU",3,52,"2018-10-25 20:27:00","2018-10-25 20:27:00",0
"2018-10-25","mmtU8Z2yOSG86uKyfXv6LENFUdQDIutU",3,48,"2018-10-25 13:26:00","2018-10-25 13:23:00",300
"2018-10-25","mmtU8Z2yOSHcVwrKB5cpYvodJJIRxY5f",3,48,"2018-10-25 13:54:00","2018-10-25 13:51:00",300
"2018-10-26","eGWDZ3yM8lt4QSkTuK5ckg==",3,52,"2018-10-26 22:34:00","2018-10-26 22:31:00",300
"2018-10-27","HVRgvyhK5ksNyVuUU4kunw==",3,52,"2018-10-27 13:55:00","2018-10-27 13:48:00",700
"2018-10-27","mmtU8Z2yOSEb0QB7Tv/R9PN63YZUOLDd",3,38,"2018-10-27 11:26:00","2018-10-27 11:23:00",300
"2018-10-27","pve53NcQyq9sLd0sM4Fv6w==",3,52,"2018-10-27 10:59:00","2018-10-27 10:59:00",0
"2018-10-29","mmtU8Z2yOSG9rSKFZX/egPN8shmH/WpU",3,48,"2018-10-29 13:08:00","2018-10-29 13:05:00",300
"2018-10-29","mmtU8Z2yOSGzuMHUSDkRWUNFUdQDIutU",3,40,"2018-10-29 13:04:00","2018-10-29 13:01:00",300
"2018-10-29","y/epRmtg3tJEHK8w9QNTLw==",3,52,"2018-10-29 10:03:00","2018-10-29 10:03:00",0
"2018-10-30","mmtU8Z2yOSEeDta7aUUls/N63YZUOLDd",3,52,"2018-10-30 13:32:00","2018-10-30 13:29:00",300
"2018-11-14","qmPcfBOWI2/g4l4gjTTI2B06P02XDKYl",3,50,"2018-11-14 20:12:00","2018-11-14 20:10:00",200
"2018-11-20","l351g1rSBZA259R5XnOzoKeKnSoEIo2O",3,58,"2018-11-20 10:22:00","2018-11-20 10:16:00",600
"2018-11-20","znuMbvcXc+hKi1SjvWqE9+b5ksILhAW/",3,58,"2018-11-20 10:47:00","2018-11-20 10:42:00",500
"2018-11-21","FK22DMf4YqXuNx37ucae+g==",3,58,"2018-11-21 18:00:00","2018-11-21 17:57:00",4300
"2018-11-21","jtgpuO6geHPWnFXCJ2RMLQ==",3,56,"2018-11-21 18:45:00","2018-11-21 18:37:00",800
"2018-11-21","mE5YmFMxkeRfLxpXs0ZyHA==",3,58,"2018-11-21 10:57:00","2018-11-21 10:42:00",1500
"2018-11-21","nfFizKSI07YYBHN1pM46dA==",3,58,"2018-11-21 09:11:00","2018-11-21 09:03:00",800
"2018-11-21","SfI+yx6kHGVsLd0sM4Fv6w==",3,58,"2018-11-21 15:20:00","2018-11-21 15:09:00",1100
"2018-11-21","u7+lgZHKT9KuYUK6tN9LiA==",3,58,"2018-11-21 15:32:00","2018-11-21 15:07:00",2500
"2018-11-22","5M5S3ytWSQR4QSkTuK5ckg==",3,56,"2018-11-22 18:21:00","2018-11-22 17:49:00",7200
"2018-11-23","/0mgvxBgmPhiOjQ2rFOC8PN8shmH/WpU",3,56,"2018-11-23 09:46:00","2018-11-23 09:44:00",200
"2018-11-23","s8tkO4EqBgJGhbT0A+IqGw==",3,54,"2018-11-23 22:38:00","2018-11-23 21:44:00",9400
"2018-11-23","VQ3KFpvj1Hb4aqm21nJt/Q==",3,54,"2018-11-23 22:10:00","2018-11-23 21:57:00",5300
"2018-11-28","ESBNDaXxDEaxZaqUO4QL/w==",3,50,"2018-11-28 19:47:00","2018-11-28 19:46:00",100
"2018-05-31","JjfN2Dn6vGeSalLeJ6DGGg==",3,50,"2018-05-31 14:06:00","2018-05-31 13:36:00",7000
"2018-10-04","xyW36xj3Rs6uYUK6tN9LiA==",2,48,"2018-10-04 10:12:00","2018-10-04 09:48:00",6400
"2018-07-17","C4chV8G/5nBsLd0sM4Fv6w==",2,44,"2018-07-17 16:07:00","2018-07-17 16:04:00",300
"2018-05-08","8UFMm8fG2g9FlKcaA472yw==",2,68,"2018-05-08 11:24:00","2018-05-08 11:22:00",200
"2018-07-17","cyn57iOnWaCPYckh/aMeRw==",2,52,"2018-07-17 15:09:00","2018-07-17 15:08:00",100
"2018-09-15","k5ezxaqOrc7181BYy8raKA==",2,26,"2018-09-15 01:48:00","2018-09-15 01:01:00",4700
"2018-10-02","TF/6i8LFis3Br4mNCcgI9Q==",2,54,"2018-10-02 08:50:00","2018-10-02 08:25:00",2500
"2018-10-04","xyW36xj3Rs7bkjCDinEn+w==",2,54,"2018-10-04 10:56:00","2018-10-04 10:43:00",1300
"2018-10-06","TF/6i8LFis39gJt35g7ctQ==",2,52,"2018-10-06 02:24:00","2018-10-06 01:29:00",9500
"2018-05-08","dchmnkRrw6wmaOj0C3jE8fN63YZUOLDd",2,68,"2018-05-08 08:24:00","2018-05-08 08:09:00",1500
"2018-11-23","1wgju9nzoheiMc1ySX6qgQ==",2,56,"2018-11-23 16:22:00","2018-11-23 16:21:00",100
"2018-05-08","fvw6TPUS3sXIS5I8FOoQSg==",2,68,"2018-05-08 11:22:00","2018-05-08 11:20:00",200
"2018-09-18","FZtx6v004zgaiV5Nhks4KydZlDuGkOv2",2,26,"2018-09-18 14:58:00","2018-09-18 14:58:00",0
"2018-10-02","UvRyoERSqj1b9qSwGrqQuw==",2,52,"2018-10-02 13:08:00","2018-10-02 13:05:00",300
"2018-10-04","KVHJgObYh4Uda6s3RwEm3Q==",2,50,"2018-10-04 19:53:00","2018-10-04 19:51:00",200
"2018-10-04","xyW36xj3Rs7LTyWax8qUPg==",2,54,"2018-10-04 19:42:00","2018-10-04 18:26:00",11600
"2018-10-06","vvMWA704uocrE6wiFF8knw==",2,52,"2018-10-06 02:31:00","2018-10-06 01:40:00",9100
"2018-10-16","8c/OkK5pD1W/wfQV7CH+8w==",2,42,"2018-10-16 14:53:00","2018-10-16 14:51:00",200
"2018-10-30","mmtU8Z2yOSGRqaVtsmrUaCdZlDuGkOv2",2,50,"2018-10-30 12:50:00","2018-10-30 12:49:00",100
"2018-11-14","Xf81Zm7xiRKN5rjsLLTqJg==",2,50,"2018-11-14 13:39:00","2018-11-14 13:39:00",0
"2018-11-21","hLn87sg03Ayq0RDCt/IIRw==",2,56,"2018-11-21 14:52:00","2018-11-21 14:52:00",0
"2018-11-21","t/ECGJdmYlQTmeOheTphaw==",2,56,"2018-11-21 11:39:00","2018-11-21 11:38:00",100
"2018-11-23","57zas/dyRDgjI7AKqTwsZg==",2,26,"2018-11-23 21:49:00","2018-11-23 21:08:00",4100
"2018-05-08","mE5YmFMxkeRfLxpXs0ZyHA==",2,68,"2018-05-08 11:30:00","2018-05-08 11:29:00",100
"2018-07-16","JMIfYHoYsTpdgOgjc5x/Dg==",2,48,"2018-07-16 15:16:00","2018-07-16 15:15:00",100
"2018-07-17","xyW36xj3Rs5qiJX1AAzvgQ==",2,50,"2018-07-17 15:01:00","2018-07-17 14:37:00",6400
"2018-07-27","Ht7x9OdxE1b181BYy8raKA==",2,26,"2018-07-27 09:16:00","2018-07-27 08:08:00",10800
"2018-08-03","mmtU8Z2yOSExre+v8ot6c00vI8O8qqxZ",2,48,"2018-08-03 10:41:00","2018-08-03 10:41:00",0
"2018-09-18","IQiQgs3q3EWwzlUbSIvmUqeKnSoEIo2O",2,26,"2018-09-18 12:10:00","2018-09-18 11:12:00",9800
"2018-09-26","jzfuwtb6vRF4jIxfBdHxHA==",2,48,"2018-09-26 14:36:00","2018-09-26 14:34:00",200
"2018-10-02","vzFyLWauSNBC24ceuu0yaQ==",2,50,"2018-10-02 22:00:00","2018-10-02 21:33:00",6700
"2018-10-03","UqcYggc5Iqyy+c0xRAPqxg==",2,50,"2018-10-03 10:49:00","2018-10-03 10:49:00",0
"2018-10-04","ARB3RVdEDmAwZJrqcJu2lw==",2,49,"2018-10-04 19:23:00","2018-10-04 18:11:00",11200
"2018-10-04","TF/6i8LFis0HpVH1vCHewg==",2,54,"2018-10-04 15:13:00","2018-10-04 14:01:00",11200
"2018-10-04","vvMWA704uodBy4icC+7Ziw==",2,52,"2018-10-04 20:53:00","2018-10-04 20:49:00",400
"2018-10-06","D5P8KMDcJh4HpVH1vCHewg==",2,50,"2018-10-06 12:32:00","2018-10-06 12:32:00",0
"2018-10-10","9CXQxy69JenQ/0569NEbbg==",2,40,"2018-10-10 12:21:00","2018-10-10 12:20:00",100
"2018-10-16","nip/t3oeaJGHBsbH8xJ4Kw==",2,36,"2018-10-16 13:43:00","2018-10-16 13:00:00",4300
"2018-05-08","mmtU8Z2yOSFtNz406IjaZidZlDuGkOv2",2,60,"2018-05-08 13:06:00","2018-05-08 13:06:00",0
"2018-11-21","eg2gTQ3T+5y9Bbsf1I0XbA==",2,58,"2018-11-21 15:04:00","2018-11-21 15:04:00",0
"2018-11-21","t6V9i43fpPKq0RDCt/IIRw==",2,56,"2018-11-21 09:53:00","2018-11-21 09:53:00",0
"2018-11-21","zQhqPfLzJH2ZFMlCRXDKUQ==",2,48,"2018-11-21 09:46:00","2018-11-21 09:46:00",0
"2018-11-22","mmtU8Z2yOSFbaOMgwxs6N+Miq6tdELRS",2,56,"2018-11-22 09:39:00","2018-11-22 09:39:00",0
"2018-11-23","J11Qbuu4AidZNQxlM7jDRQ==",2,48,"2018-11-23 09:49:00","2018-11-23 09:49:00",0
"2018-11-26","46YRFhDspfOeOvB9HqP5twbfpgeA9CH3",2,26,"2018-11-26 07:26:00","2018-11-26 06:35:00",9100
"2018-11-28","TF/6i8LFis33nNr15rPXrQ==",2,50,"2018-11-28 13:51:00","2018-11-28 13:15:00",3600
"2018-11-30","6sIk7M8kMXzO990BLQiVoA==",2,26,"2018-11-30 02:04:00","2018-11-30 01:01:00",10300
"2018-05-08","ObSwcfZ8aKs0myx4PzgWNQ==",2,68,"2018-05-08 11:17:00","2018-05-08 11:17:00",0
"2018-07-16","TvdZSYuZmAYjI7AKqTwsZg==",2,48,"2018-07-16 09:43:00","2018-07-16 09:42:00",100
"2018-07-17","R+u2ESxeZ2BFVMp4BORwZQ==",2,52,"2018-07-17 13:39:00","2018-07-17 13:37:00",200
"2018-07-17","xyW36xj3Rs5zvl8QZmO6Kw==",2,50,"2018-07-17 15:01:00","2018-07-17 14:34:00",6700
"2018-07-19","cE6cWzMepCwU4uF+eGJ52ENFUdQDIutU",2,40,"2018-07-19 15:55:00","2018-07-19 15:41:00",1400
"2018-08-03","mmtU8Z2yOSGHQs+FJuFQs00vI8O8qqxZ",2,34,"2018-08-03 11:20:00","2018-08-03 11:20:00",0
"2018-08-11","Ht7x9OdxE1b181BYy8raKA==",2,26,"2018-08-11 21:58:00","2018-08-11 21:16:00",4200
"2018-09-19","Ht7x9OdxE1b181BYy8raKA==",2,38,"2018-09-19 21:45:00","2018-09-19 21:23:00",2200
"2018-09-26","kuu80U2wDXSVRGYy2lUhog==",2,48,"2018-09-26 14:45:00","2018-09-26 14:44:00",100
"2018-09-27","c320xhX7kjVaME+h/wOJ1g==",2,48,"2018-09-27 16:45:00","2018-09-27 16:45:00",0
"2018-10-01","f71CAn5aVzPdTeglStjfcg==",2,50,"2018-10-01 14:50:00","2018-10-01 14:50:00",0
"2018-10-01","TF/6i8LFis3Y6LNqsVrC0g==",2,48,"2018-10-01 14:08:00","2018-10-01 14:08:00",0
"2018-10-02","GxJS6MfOVO14QSkTuK5ckg==",2,52,"2018-10-02 09:01:00","2018-10-02 08:47:00",5400
"2018-10-02","q9Zxz8FvTVVmNonOZtA81A==",2,48,"2018-10-02 08:35:00","2018-10-02 08:32:00",300
"2018-10-02","wxMfL3C1oVnPDyKPeW9OIA==",2,54,"2018-10-02 05:20:00","2018-10-02 04:05:00",11500
"2018-10-03","66XdD+ygV+Q2AyxB27cwbA==",2,44,"2018-10-03 15:26:00","2018-10-03 15:26:00",0
"2018-05-08","W0K9ZmwOvX0hE7VDtlv6tA==",2,68,"2018-05-08 11:21:00","2018-05-08 11:19:00",200
"2018-10-04","q9Zxz8FvTVWt1oseZxh5HQ==",2,50,"2018-10-04 10:04:00","2018-10-04 09:53:00",5100
"2018-10-04","TF/6i8LFis1b9qSwGrqQuw==",2,50,"2018-10-04 10:59:00","2018-10-04 10:57:00",200
"2018-10-04","vvMWA704uoe1BFeiD4XaWw==",2,50,"2018-10-04 10:46:00","2018-10-04 10:05:00",4100
"2018-10-05","fvRj8mPWxn5FhRoOQLzPEQ==",2,50,"2018-10-05 10:30:00","2018-10-05 10:07:00",2300
"2018-10-06","42sW2d9/WAA3wTs3MUHeoA==",2,48,"2018-10-06 14:11:00","2018-10-06 14:11:00",0
"2018-10-06","dVmyXuOzKcSsODyMkp3ahw==",2,52,"2018-10-06 14:02:00","2018-10-06 13:43:00",5900
"2018-10-06","LI30S2/QB16VIw8rXHr/5Q==",2,52,"2018-10-06 15:00:00","2018-10-06 14:08:00",9200
"2018-10-06","oYCAjxAujYVFlKcaA472yw==",2,48,"2018-10-06 15:45:00","2018-10-06 15:44:00",100
"2018-10-06","qMZJ2PMyZYWvdnlzI2sJlA==",2,50,"2018-10-06 12:38:00","2018-10-06 12:38:00",0
"2018-10-06","xyW36xj3Rs5mTz2DFhoLNA==",2,52,"2018-10-06 14:20:00","2018-10-06 14:02:00",1800
"2018-10-10","mmtU8Z2yOSGjXAOUBMdtiZkeGykCOOky",2,40,"2018-10-10 16:32:00","2018-10-10 16:32:00",0
"2018-10-11","pi9y8YMdJvhoUbgf9v8gYw==",2,30,"2018-10-11 05:58:00","2018-10-11 05:49:00",900
"2018-10-16","o6mWDHZF8W0yt1DsY4UrMA==",2,42,"2018-10-16 13:31:00","2018-10-16 13:25:00",600
"2018-10-23","qMZJ2PMyZYVEHK8w9QNTLw==",2,48,"2018-10-23 16:56:00","2018-10-23 16:54:00",200
"2018-10-26","DdtZxHdmbbxMpPC46ww8WrKj9qCBdR+6",2,52,"2018-10-26 13:01:00","2018-10-26 13:00:00",100
"2018-10-26","mmtU8Z2yOSFZcPggZEgp5x06P02XDKYl",2,40,"2018-10-26 16:42:00","2018-10-26 16:41:00",100
"2018-10-27","deYdmH72tarvJ3yM/3TsWw==",2,50,"2018-10-27 15:00:00","2018-10-27 14:59:00",4100
"2018-10-27","m0vWz0AB9rqK8dFR/McgJQ==",2,51,"2018-10-27 15:03:00","2018-10-27 15:02:00",100
"2018-10-27","NZFv0MrGhaIHpVH1vCHewg==",2,52,"2018-10-27 22:31:00","2018-10-27 22:30:00",100
"2018-10-27","TF/6i8LFis2/djxsq7WGLQ==",2,52,"2018-10-27 15:15:00","2018-10-27 14:25:00",9000
"2018-10-29","LI30S2/QB158BDuMZKST8A==",2,50,"2018-10-29 18:27:00","2018-10-29 17:39:00",8800
"2018-10-29","TF/6i8LFis0m+qV2wQnWEA==",2,52,"2018-10-29 15:24:00","2018-10-29 14:35:00",8900
"2018-10-30","mmtU8Z2yOSEHGzlbbo0Sr+b5ksILhAW/",2,48,"2018-10-30 16:09:00","2018-10-30 16:08:00",100
"2018-10-31","cjCPDatUBQ1mTz2DFhoLNA==",2,50,"2018-10-31 20:02:00","2018-10-31 20:01:00",100
"2018-11-02","UnQUT0vnsmKrd3eSw+uCfg==",2,36,"2018-11-02 11:05:00","2018-11-02 10:55:00",5000
"2018-11-05","mjks+CACMQKPYckh/aMeRw==",2,38,"2018-11-05 12:10:00","2018-11-05 11:00:00",11000
"2018-11-20","mmtU8Z2yOSFKQ6lxV8uuMydZlDuGkOv2",2,58,"2018-11-20 11:45:00","2018-11-20 11:45:00",0
"2018-11-21","1LP1z1awTckYRXamRRt03A==",2,56,"2018-11-21 14:34:00","2018-11-21 14:32:00",200
"2018-11-21","BVjyUc6W4p8tTaDVm+Cn0Q==",2,52,"2018-11-21 17:41:00","2018-11-21 17:37:00",400
"2018-11-21","Hz4FwY08Bgohdbnqj8QeFg==",2,56,"2018-11-21 07:34:00","2018-11-21 07:34:00",0
"2018-11-21","lVYNuHj67Kmbr0WG//f8BB06P02XDKYl",2,56,"2018-11-21 13:09:00","2018-11-21 13:08:00",100
"2018-11-21","oWvSYvveCCcx3tM6K7ThOw==",2,56,"2018-11-21 11:20:00","2018-11-21 11:20:00",0
"2018-11-21","q9Zxz8FvTVX3nNr15rPXrQ==",2,58,"2018-11-21 17:42:00","2018-11-21 17:36:00",600
"2018-11-21","TF/6i8LFis2rd3eSw+uCfg==",2,52,"2018-11-21 10:18:00","2018-11-21 09:09:00",10900
"2018-05-09","ARB3RVdEDmAkf7GNIsoaqQ==",2,44,"2018-05-09 16:02:00","2018-05-09 15:59:00",4300
"2018-11-21","wjXVmBO1UfJr/SDLTfEf7A==",2,52,"2018-11-21 10:00:00","2018-11-21 10:00:00",0
"2018-11-21","xyW36xj3Rs7afR6z6hf1ig==",2,56,"2018-11-21 19:14:00","2018-11-21 18:51:00",6300
"2018-11-22","mmtU8Z2yOSHTERBEvLZTYOMiq6tdELRS",2,56,"2018-11-22 13:20:00","2018-11-22 13:20:00",0
"2018-11-22","vvMWA704uocm+qV2wQnWEA==",2,48,"2018-11-22 17:53:00","2018-11-22 17:53:00",0
"2018-11-23","7p0DsN+1uceKD+Hz6cFX0w==",2,56,"2018-11-23 16:18:00","2018-11-23 16:17:00",100
"2018-11-23","b1H3dNavTztM7OTum+cZjA==",2,56,"2018-11-23 10:27:00","2018-11-23 10:27:00",0
"2018-11-23","q9Zxz8FvTVUjI7AKqTwsZg==",2,52,"2018-11-23 16:30:00","2018-11-23 15:22:00",10800
"2018-11-23","Wcqrmkh1pSUyt1DsY4UrMA==",2,56,"2018-11-23 09:59:00","2018-11-23 09:54:00",500
"2018-11-28","TF/6i8LFis3HRkO57zM7GA==",2,46,"2018-11-28 13:33:00","2018-11-28 13:14:00",1900
"2018-11-29","ARB3RVdEDmAhdbnqj8QeFg==",2,49,"2018-11-29 16:45:00","2018-11-29 16:36:00",900
"2018-11-29","nip/t3oeaJH3nNr15rPXrQ==",2,26,"2018-11-29 18:47:00","2018-11-29 18:45:00",200
"2018-11-29","TF/6i8LFis06PU9h8jWhcQ==",2,47,"2018-11-29 11:32:00","2018-11-29 10:52:00",8000
"2018-05-09","Df57af1bk+gQSBXyZHYTZQ==",2,48,"2018-05-09 16:16:00","2018-05-09 16:16:00",0
"2018-12-02","oQGLahHnvptoUbgf9v8gYw==",2,26,"2018-12-02 19:19:00","2018-12-02 18:34:00",8500
"2018-07-13","91icr0Xn+jmlmMCghI047Q==",2,52,"2018-07-13 13:35:00","2018-07-13 13:35:00",0
"2018-07-13","ARB3RVdEDmCvl0rBWoGzVQ==",2,56,"2018-07-13 15:03:00","2018-07-13 15:03:00",0
"2018-07-13","ZNG7+yQ+75YrE6wiFF8knw==",2,56,"2018-07-13 09:58:00","2018-07-13 09:58:00",0
"2018-07-16","qQ8Fed3pOVxyhcsodKdaYg==",2,51,"2018-07-16 09:59:00","2018-07-16 09:51:00",800
"2018-07-16","vvMWA704uoc6PU9h8jWhcQ==",2,52,"2018-07-16 10:48:00","2018-07-16 10:48:00",0
"2018-07-17","NYnVT7Z4wYTFLXRR8X0t2A==",2,48,"2018-07-17 09:49:00","2018-07-17 09:42:00",700
"2018-07-17","sFfykXm97lSnkdMV1YdvFA==",2,52,"2018-07-17 14:28:00","2018-07-17 13:49:00",7900
"2018-07-17","UAm4FQSeP9eSalLeJ6DGGg==",2,48,"2018-07-17 14:40:00","2018-07-17 14:40:00",0
"2018-07-17","xyW36xj3Rs6lvZG+0rsfQw==",2,50,"2018-07-17 14:45:00","2018-07-17 14:33:00",1200
"2018-07-19","mmtU8Z2yOSFg3sNK4WYX5uMiq6tdELRS",2,40,"2018-07-19 10:28:00","2018-07-19 10:28:00",0
"2018-07-23","pU+l2RQv7BjO990BLQiVoA==",2,26,"2018-07-23 19:22:00","2018-07-23 19:15:00",700
"2018-08-01","fuHY4dnm8BQtTaDVm+Cn0Q==",2,26,"2018-08-01 22:26:00","2018-08-01 21:25:00",10100
"2018-08-02","IQiQgs3q3EWwzlUbSIvmUqeKnSoEIo2O",2,26,"2018-08-02 12:09:00","2018-08-02 12:02:00",700
"2018-08-03","mmtU8Z2yOSGqzrTd0SzqlR06P02XDKYl",2,30,"2018-08-03 11:19:00","2018-08-03 11:19:00",0
"2018-08-27","BLxT6Mn15+0nl/iO9l/56A==",2,26,"2018-08-27 22:37:00","2018-08-27 22:24:00",1300
"2018-09-22","qMZJ2PMyZYUEVUGL4qhqDQ==",2,41,"2018-09-22 15:01:00","2018-09-22 15:01:00",0
"2018-09-26","8UWmy4Svw1ryzYubXYypeQ==",2,48,"2018-09-26 16:13:00","2018-09-26 16:12:00",100
"2018-09-26","M2Kky1h3JukH59dWngPTXA==",2,48,"2018-09-26 14:48:00","2018-09-26 14:47:00",100
"2018-09-26","qjpe9aF0INEa8ktEnpz/krKj9qCBdR+6",2,48,"2018-09-26 09:17:00","2018-09-26 09:15:00",200
"2018-09-30","k5ezxaqOrc7181BYy8raKA==",2,26,"2018-09-30 17:30:00","2018-09-30 17:08:00",2200
"2018-10-01","I7x4azAo7NoeBUgxNs2lhA==",2,22,"2018-10-01 11:23:00","2018-10-01 11:21:00",200
"2018-10-01","TF/6i8LFis0EVUGL4qhqDQ==",2,52,"2018-10-01 11:20:00","2018-10-01 10:32:00",8800
"2018-10-01","xyW36xj3Rs5M7OTum+cZjA==",2,52,"2018-10-01 11:19:00","2018-10-01 11:16:00",300
"2018-10-02","ARB3RVdEDmCxZaqUO4QL/w==",2,48,"2018-10-02 15:03:00","2018-10-02 15:03:00",0
"2018-10-02","HzSueSbbSR+DI5YONQ6oeQ==",2,54,"2018-10-02 13:56:00","2018-10-02 13:56:00",0
"2018-10-02","ll+RPTS3G+05iEzdKKq9kw==",2,52,"2018-10-02 14:03:00","2018-10-02 14:02:00",100
"2018-10-02","qHNNYqJ8nZPW+M0jv49IJw==",2,44,"2018-10-02 14:28:00","2018-10-02 14:27:00",100
"2018-10-02","SLDKtCyshzTCJnnOB/w1bg==",2,50,"2018-10-02 14:07:00","2018-10-02 14:05:00",200
"2018-10-02","YqYXQHrqxJANkUOWN0WBfg==",2,52,"2018-10-02 18:10:00","2018-10-02 18:07:00",300
"2018-10-03","8CXtuScQKPNUAnz80Pb9fg==",2,48,"2018-10-03 15:30:00","2018-10-03 15:30:00",0
"2018-10-03","qKHBgy15ScbcGINn8bvm5w==",2,50,"2018-10-03 14:48:00","2018-10-03 14:29:00",1900
"2018-10-03","Z11UTDM9Ulm9Bbsf1I0XbA==",2,52,"2018-10-03 11:36:00","2018-10-03 11:33:00",300
"2018-10-04","21fd/jvaDj8SVhjIY5RNXg==",2,48,"2018-10-04 14:44:00","2018-10-04 14:02:00",4200
"2018-10-04","91icr0Xn+jmtP/dAK8EqGA==",2,54,"2018-10-04 14:33:00","2018-10-04 14:00:00",3300
"2018-10-04","ARB3RVdEDmBsPozpvTQLxw==",2,54,"2018-10-04 15:08:00","2018-10-04 14:48:00",6000
"2018-10-04","ARB3RVdEDmC5km8XlUUZSA==",2,50,"2018-10-04 10:05:00","2018-10-04 09:52:00",5300
"2018-10-04","ARB3RVdEDmDLaDNMjFPZAg==",2,54,"2018-10-04 18:52:00","2018-10-04 18:14:00",3800
"2018-10-04","BVjyUc6W4p+LAe+dEcRXlQ==",2,50,"2018-10-04 10:34:00","2018-10-04 10:09:00",2500
"2018-10-04","fvRj8mPWxn49cTd9JnUsng==",2,54,"2018-10-04 14:31:00","2018-10-04 14:30:00",100
"2018-10-04","fvRj8mPWxn55uTjsd051tQ==",2,48,"2018-10-04 19:21:00","2018-10-04 19:20:00",100
"2018-10-04","fvRj8mPWxn6y+c0xRAPqxg==",2,52,"2018-10-04 10:05:00","2018-10-04 09:14:00",9100
"2018-10-04","LeLTPOvONbenQcdgI4LPAQ==",2,52,"2018-10-04 15:38:00","2018-10-04 15:37:00",100
"2018-10-04","mpqHGvV/LzASVhjIY5RNXg==",2,48,"2018-10-04 14:55:00","2018-10-04 14:38:00",1700
"2018-10-04","mXlbSxDvSj0VOxSgGwEz1g==",2,48,"2018-10-04 09:02:00","2018-10-04 09:01:00",100
"2018-10-04","qMZJ2PMyZYUTmeOheTphaw==",2,50,"2018-10-04 15:02:00","2018-10-04 14:11:00",9100
"2018-10-04","qpIpHTQchkQ39D1w2b8JKXwjFw56XePy",2,52,"2018-10-04 16:53:00","2018-10-04 16:53:00",0
"2018-05-10","+ZHWu5o4oScrbBVc8INkCg==",2,48,"2018-05-10 13:28:00","2018-05-10 13:24:00",400
"2018-10-04","TF/6i8LFis2SalLeJ6DGGg==",2,54,"2018-10-04 10:07:00","2018-10-04 09:35:00",7200
"2018-10-04","TF/6i8LFis3pcIkdtml++w==",2,54,"2018-10-04 15:16:00","2018-10-04 14:00:00",11600
"2018-10-04","vvMWA704uocEVUGL4qhqDQ==",2,52,"2018-10-04 14:48:00","2018-10-04 13:47:00",10100
"2018-10-04","vzFyLWauSNAaFhQmp7NyNg==",2,49,"2018-10-04 14:57:00","2018-10-04 14:39:00",1800
"2018-10-04","xyW36xj3Rs4caW6+8su4FA==",2,50,"2018-10-04 10:33:00","2018-10-04 09:38:00",9500
"2018-10-04","xyW36xj3Rs5SpfW58nBLjg==",2,50,"2018-10-04 19:29:00","2018-10-04 19:25:00",400
"2018-10-04","xyW36xj3Rs6F1LwsxAzkLQ==",2,54,"2018-10-04 10:55:00","2018-10-04 10:42:00",1300
"2018-10-04","Z11UTDM9UlmK8dFR/McgJQ==",2,52,"2018-10-04 11:00:00","2018-10-04 10:51:00",4900
"2018-10-05","BVjyUc6W4p+LAe+dEcRXlQ==",2,52,"2018-10-05 23:18:00","2018-10-05 23:18:00",0
"2018-10-05","fvRj8mPWxn5pA9dQkgrZrQ==",2,52,"2018-10-05 10:10:00","2018-10-05 09:47:00",6300
"2018-10-05","NXUNu5Vmj+ojI7AKqTwsZg==",2,48,"2018-10-05 09:09:00","2018-10-05 09:09:00",0
"2018-10-05","WGujOjjfydJmTz2DFhoLNA==",2,52,"2018-10-05 09:02:00","2018-10-05 09:02:00",0
"2018-10-05","xyW36xj3Rs6OoCVlKyPUFQ==",2,52,"2018-10-05 23:56:00","2018-10-05 23:42:00",1400
"2018-10-06","91icr0Xn+jkp/SiVfOk5kw==",2,52,"2018-10-06 14:05:00","2018-10-06 13:05:00",10000
"2018-10-06","ARB3RVdEDmBVchCHxH9e6w==",2,52,"2018-10-06 01:13:00","2018-10-06 00:01:00",11200
"2018-10-06","iAojKGnIHsUEVUGL4qhqDQ==",2,48,"2018-10-06 15:08:00","2018-10-06 15:08:00",0
"2018-10-06","mmtU8Z2yOSEmSiSzCoGm4ydZlDuGkOv2",2,48,"2018-10-06 11:10:00","2018-10-06 11:09:00",100
"2018-10-06","mmtU8Z2yOSGYCG9GAUm/S/odJJIRxY5f",2,52,"2018-10-06 14:27:00","2018-10-06 14:27:00",0
"2018-10-06","q9Zxz8FvTVUrE6wiFF8knw==",2,52,"2018-10-06 00:57:00","2018-10-06 00:50:00",700
"2018-10-06","qMZJ2PMyZYWXtZYRytkRbQ==",2,50,"2018-10-06 14:11:00","2018-10-06 13:05:00",10600
"2018-10-06","TF/6i8LFis1z5hTdUI+T3A==",2,52,"2018-10-06 01:39:00","2018-10-06 01:10:00",2900
"2018-10-06","xyW36xj3Rs6Gm0olkFrKPQ==",2,52,"2018-10-06 14:39:00","2018-10-06 14:05:00",3400
"2018-10-06","xyW36xj3Rs7lK3yYQ81p2w==",2,50,"2018-10-06 13:47:00","2018-10-06 13:47:00",0
"2018-10-08","tjWLb6VQrtaK8dFR/McgJQ==",2,46,"2018-10-08 18:46:00","2018-10-08 18:36:00",1000
"2018-10-10","t/ECGJdmYlQs/7anq7SyHg==",2,40,"2018-10-10 09:58:00","2018-10-10 09:57:00",100
"2018-10-11","1Q1zz6EEeuVoUbgf9v8gYw==",2,42,"2018-10-11 06:39:00","2018-10-11 06:23:00",1600
"2018-05-10","PA/CpJNvtONkOMAANkZSnw==",2,50,"2018-05-10 13:20:00","2018-05-10 12:49:00",7100
"2018-10-13","nip/t3oeaJFEHK8w9QNTLw==",2,26,"2018-10-13 17:00:00","2018-10-13 16:15:00",8500
"2018-10-16","oQGLahHnvptoUbgf9v8gYw==",2,38,"2018-10-16 17:04:00","2018-10-16 16:42:00",6200
"2018-10-18","mmtU8Z2yOSELhZRzVQOohfN63YZUOLDd",2,36,"2018-10-18 20:37:00","2018-10-18 20:37:00",0
"2018-10-25","mmtU8Z2yOSEE6CvbgP9QkSdZlDuGkOv2",2,50,"2018-10-25 13:03:00","2018-10-25 13:02:00",100
"2018-10-26","I0Fke9E3lQ6m7ELLPnKxWZkeGykCOOky",2,48,"2018-10-26 10:32:00","2018-10-26 10:32:00",0
"2018-10-26","mmtU8Z2yOSG0UOgd/R5mqfN63YZUOLDd",2,40,"2018-10-26 14:29:00","2018-10-26 14:28:00",100
"2018-10-27","6N65kokdLgJugUejvdWumQ==",2,52,"2018-10-27 08:53:00","2018-10-27 08:53:00",0
"2018-10-27","dVmyXuOzKcRC24ceuu0yaQ==",2,52,"2018-10-27 17:26:00","2018-10-27 17:26:00",0
"2018-10-27","mmtU8Z2yOSE7b6jy3PbNhB06P02XDKYl",2,42,"2018-10-27 12:53:00","2018-10-27 12:53:00",0
"2018-10-27","mmtU8Z2yOSH4x7FIEVhdIp0VmivYjW5f",2,38,"2018-10-27 11:12:00","2018-10-27 11:11:00",100
"2018-10-27","oUIHD7gCrwiXtZYRytkRbQ==",2,53,"2018-10-27 10:03:00","2018-10-27 10:02:00",100
"2018-10-27","QZFRhkWzsEXO990BLQiVoA==",2,52,"2018-10-27 14:23:00","2018-10-27 14:23:00",0
"2018-10-27","TF/6i8LFis2ulES/TCNumA==",2,50,"2018-10-27 13:33:00","2018-10-27 13:32:00",100
"2018-10-27","vvMWA704uofV40HUFbVTEA==",2,50,"2018-10-27 17:10:00","2018-10-27 17:08:00",200
"2018-10-29","5Zvnt/sSTD+ZHG8hIL5Mlg==",2,50,"2018-10-29 09:02:00","2018-10-29 09:02:00",0
"2018-10-29","dzK2Ynavt5Mm+qV2wQnWEA==",2,50,"2018-10-29 11:55:00","2018-10-29 11:55:00",0
"2018-10-29","mmtU8Z2yOSFsLLvSuDNoaOb5ksILhAW/",2,52,"2018-10-29 13:22:00","2018-10-29 13:21:00",100
"2018-10-29","qMZJ2PMyZYUTmeOheTphaw==",2,50,"2018-10-29 11:35:00","2018-10-29 11:34:00",100
"2018-10-29","Vu6Mx82tl8PrnZbfjNEYig==",2,50,"2018-10-29 11:36:00","2018-10-29 11:36:00",0
"2018-10-29","Y/KtVBszNbuOe9kd4zdRbg==",2,52,"2018-10-29 12:20:00","2018-10-29 12:19:00",100
"2018-10-30","mmtU8Z2yOSEuD7V2RapI6U0vI8O8qqxZ",2,48,"2018-10-30 13:46:00","2018-10-30 13:44:00",200
"2018-10-31","qMpHexDVlE+amGkOC0MccQ==",2,50,"2018-10-31 20:16:00","2018-10-31 20:16:00",0
"2018-11-02","vvMWA704uodoUbgf9v8gYw==",2,46,"2018-11-02 12:08:00","2018-11-02 12:08:00",0
"2018-11-05","q9Zxz8FvTVVPNDEICh757A==",2,44,"2018-11-05 13:50:00","2018-11-05 13:50:00",0
"2018-11-10","4LPoUa7imqI5iEzdKKq9kw==",2,48,"2018-11-10 09:53:00","2018-11-10 09:51:00",200
"2018-11-13","b3cGcmCPaQIjI7AKqTwsZg==",2,48,"2018-11-13 17:23:00","2018-11-13 17:23:00",0
"2018-11-20","GNmzwv+meAMI9qlDfqpSlOMiq6tdELRS",2,58,"2018-11-20 16:13:00","2018-11-20 16:13:00",0
"2018-11-20","mmtU8Z2yOSFLsn8dvu2TCLKj9qCBdR+6",2,34,"2018-11-20 13:19:00","2018-11-20 13:19:00",0
"2018-11-20","mmtU8Z2yOSHR3gJC099RkZkeGykCOOky",2,26,"2018-11-20 13:19:00","2018-11-20 13:19:00",0
"2018-11-21","+nis6ew2FVYaFhQmp7NyNg==",2,56,"2018-11-21 11:50:00","2018-11-21 10:57:00",9300
"2018-11-21","5gFYUfQJ+f6SalLeJ6DGGg==",2,58,"2018-11-21 14:36:00","2018-11-21 14:35:00",100
"2018-11-21","aDowdrqlIeF8BDuMZKST8A==",2,56,"2018-11-21 08:50:00","2018-11-21 08:46:00",400
"2018-11-21","ARB3RVdEDmCb1EodcU6mvw==",2,56,"2018-11-21 15:24:00","2018-11-21 14:34:00",9000
"2018-11-21","CJGkiuaLnk8MtdeUlUlt/g==",2,56,"2018-11-21 12:59:00","2018-11-21 12:58:00",100
"2018-11-21","CSfYa4dbI1YHIVw7qBxBRw==",2,56,"2018-11-21 14:32:00","2018-11-21 14:31:00",100
"2018-11-21","fOxbjGe6J52ulES/TCNumA==",2,56,"2018-11-21 12:23:00","2018-11-21 12:22:00",100
"2018-05-11","91icr0Xn+jlgqF0of7Oblw==",2,48,"2018-05-11 14:14:00","2018-05-11 14:14:00",0
"2018-11-21","JA4rLXLIGu+/wfQV7CH+8w==",2,50,"2018-11-21 11:17:00","2018-11-21 11:17:00",0
"2018-11-21","jr0w/ImRS3qnMDfD1j89ag==",2,56,"2018-11-21 15:03:00","2018-11-21 15:03:00",0
"2018-11-21","mpqHGvV/LzB4QSkTuK5ckg==",2,56,"2018-11-21 15:27:00","2018-11-21 14:32:00",9500
"2018-05-11","ARB3RVdEDmAQSBXyZHYTZQ==",2,52,"2018-05-11 13:31:00","2018-05-11 13:05:00",2600
"2018-11-21","qMZJ2PMyZYWOJKLrr2bYLQ==",2,54,"2018-11-21 17:44:00","2018-11-21 17:44:00",0
"2018-11-21","R8dOHfieMsorbBVc8INkCg==",2,56,"2018-11-21 15:32:00","2018-11-21 15:32:00",0
"2018-11-21","uSIkrH38XGSy+c0xRAPqxg==",2,58,"2018-11-21 10:28:00","2018-11-21 10:26:00",200
"2018-11-21","vvMWA704uoevdnlzI2sJlA==",2,50,"2018-11-21 15:39:00","2018-11-21 15:39:00",0
"2018-11-21","XBt6JxOvNdK1/S3kfyUtdg==",2,56,"2018-11-21 09:47:00","2018-11-21 09:46:00",100
"2018-11-21","xyW36xj3Rs4MouQ3yjwdGQ==",2,48,"2018-11-21 04:54:00","2018-11-21 04:18:00",3600
"2018-11-21","xyW36xj3Rs7Gdg4eO8NPvQ==",2,52,"2018-11-21 18:04:00","2018-11-21 17:44:00",6000
"2018-11-22","91icr0Xn+jl2KIYCC0hwMQ==",2,56,"2018-11-22 10:28:00","2018-11-22 10:28:00",0
"2018-11-22","fvRj8mPWxn4DrVP9O1GxTQ==",2,52,"2018-11-22 10:45:00","2018-11-22 10:45:00",0
"2018-11-23","0Qu5Dou5JX8+/bgLs9CGww==",2,52,"2018-11-23 10:01:00","2018-11-23 10:00:00",100
"2018-11-23","7YIG/pAeXmfwghxU3kM29w==",2,56,"2018-11-23 10:11:00","2018-11-23 10:11:00",0
"2018-11-23","B522ZPy8+yCKD+Hz6cFX0w==",2,50,"2018-11-23 09:59:00","2018-11-23 09:59:00",0
"2018-11-23","d3FRzKwfci0kyIDbO9OorQbfpgeA9CH3",2,56,"2018-11-23 11:05:00","2018-11-23 11:05:00",0
"2018-11-23","JYNzzmNtYhkjI7AKqTwsZg==",2,52,"2018-11-23 09:54:00","2018-11-23 09:54:00",0
"2018-11-23","TF/6i8LFis0HpVH1vCHewg==",2,50,"2018-11-23 16:39:00","2018-11-23 16:27:00",1200
"2018-11-23","YSr3UQtCuZIaFhQmp7NyNg==",2,56,"2018-11-23 09:48:00","2018-11-23 09:48:00",0
"2018-11-26","mmtU8Z2yOSErflvxSzaPRvN63YZUOLDd",2,36,"2018-11-26 12:15:00","2018-11-26 12:15:00",0
"2018-11-27","qpIpHTQchkQ39D1w2b8JKXwjFw56XePy",2,51,"2018-11-27 08:17:00","2018-11-27 08:14:00",300
"2018-11-28","q9Zxz8FvTVUjI7AKqTwsZg==",2,48,"2018-11-28 13:23:00","2018-11-28 13:14:00",900
"2018-11-28","qMZJ2PMyZYV8Q57tVfgbmA==",2,48,"2018-11-28 13:35:00","2018-11-28 13:11:00",2400
"2018-11-28","u6QqWF00fbZBy4icC+7Ziw==",2,48,"2018-11-28 13:59:00","2018-11-28 13:58:00",100
"2018-11-29","+SiJRnox3VVmTz2DFhoLNA==",2,48,"2018-11-29 09:38:00","2018-11-29 09:38:00",0
"2018-11-29","ARB3RVdEDmBp610KJawadQ==",2,40,"2018-11-29 10:26:00","2018-11-29 10:25:00",100
"2018-11-29","DkAd+DI0Yr0rE6wiFF8knw==",2,50,"2018-11-29 10:23:00","2018-11-29 10:23:00",0
"2018-11-29","fL/CkEF9M4As/7anq7SyHg==",2,48,"2018-11-29 14:21:00","2018-11-29 14:20:00",100
"2018-11-29","quOtNZqXLeCnKGPDqALdRg==",2,50,"2018-11-29 11:21:00","2018-11-29 11:20:00",100
"2018-11-29","r1eEFd3huemSalLeJ6DGGg==",2,48,"2018-11-29 15:28:00","2018-11-29 15:28:00",0
"2018-11-29","U+3rvmXbUCojI7AKqTwsZg==",2,48,"2018-11-29 09:13:00","2018-11-29 09:13:00",0
"2018-11-29","vCtL4U0h9VncDWYeuStYOA==",2,48,"2018-11-29 15:02:00","2018-11-29 15:00:00",200
"2018-11-29","vVdj6uoyVFgaFhQmp7NyNg==",2,50,"2018-11-29 14:00:00","2018-11-29 13:59:00",4100
"2018-11-29","XFM8mODrJwAaFhQmp7NyNg==",2,48,"2018-11-29 15:07:00","2018-11-29 15:05:00",200
"2018-11-30","LePn7Zx958BboAp2n3BDKaeKnSoEIo2O",2,48,"2018-11-30 13:33:00","2018-11-30 13:32:00",100
"2018-12-01","4xjedivUl+z9+jSlJ5uQvA==",2,36,"2018-12-01 22:06:00","2018-12-01 21:07:00",9900
"2018-07-13","A9AxMWXNZdnDt6SnlypP9Q==",2,56,"2018-07-13 16:29:00","2018-07-13 15:30:00",9900
"2018-07-13","aAek0npM4h8TmeOheTphaw==",2,56,"2018-07-13 08:33:00","2018-07-13 08:30:00",300
"2018-07-13","bCFd/EIumIwQQHr71Hi48w==",2,54,"2018-07-13 14:52:00","2018-07-13 14:52:00",0
"2018-07-13","BUt1NrKFTIgqgs0d+pa8hLCzuDvg5VeQ",2,56,"2018-07-13 18:34:00","2018-07-13 18:33:00",100
"2018-07-13","fvRj8mPWxn58BDuMZKST8A==",2,56,"2018-07-13 14:32:00","2018-07-13 13:33:00",9900
"2018-07-13","xyW36xj3Rs5DleC5uayljQ==",2,56,"2018-07-13 15:18:00","2018-07-13 15:05:00",1300
"2018-07-16","+LEbbt4zWUvbxbEMlnc/BQ==",2,52,"2018-07-16 09:47:00","2018-07-16 09:45:00",200
"2018-07-16","/Sp2HlKM5TkK0jYrt1N+tg==",2,48,"2018-07-16 09:34:00","2018-07-16 09:30:00",400
"2018-07-16","dz+TbN0DxvjDt6SnlypP9Q==",2,48,"2018-07-16 11:25:00","2018-07-16 11:21:00",400
"2018-07-16","o8GicIOyST1Zi9TB1RKmOg==",2,50,"2018-07-16 15:08:00","2018-07-16 15:06:00",200
"2018-07-16","t1zrMaqR58+g6OMmhXwx5A==",2,52,"2018-07-16 13:58:00","2018-07-16 13:58:00",0
"2018-07-17","ARB3RVdEDmCuVzVdoqMicA==",2,52,"2018-07-17 15:16:00","2018-07-17 15:16:00",0
"2018-07-17","AUyzIIj87VWnA/tcnn1Hlg==",2,52,"2018-07-17 10:03:00","2018-07-17 10:03:00",0
"2018-07-17","JiQmut8VTrHhQOU6YyRPEw==",2,52,"2018-07-17 09:53:00","2018-07-17 09:52:00",100
"2018-07-17","q9Zxz8FvTVX3nNr15rPXrQ==",2,50,"2018-07-17 14:39:00","2018-07-17 14:31:00",800
"2018-07-17","TF/6i8LFis33nNr15rPXrQ==",2,52,"2018-07-17 15:08:00","2018-07-17 14:35:00",7300
"2018-07-17","xyW36xj3Rs5FVMp4BORwZQ==",2,52,"2018-07-17 15:20:00","2018-07-17 14:55:00",6500
"2018-07-17","YhYiQWPQNoHWGJj+5Deckg==",2,50,"2018-07-17 09:19:00","2018-07-17 09:18:00",100
"2018-07-17","YZOgydaI0a8aFhQmp7NyNg==",2,48,"2018-07-17 15:34:00","2018-07-17 15:34:00",0
"2018-07-18","ucxefkcNl9Vb9qSwGrqQuw==",2,50,"2018-07-18 11:41:00","2018-07-18 11:41:00",0
"2018-07-18","xyW36xj3Rs7afR6z6hf1ig==",2,50,"2018-07-18 11:41:00","2018-07-18 11:41:00",0
"2018-07-23","mmtU8Z2yOSFvgNdx93hr7XwjFw56XePy",2,42,"2018-07-23 12:11:00","2018-07-23 12:11:00",0
"2018-07-23","mmtU8Z2yOSFykxLass2hkR06P02XDKYl",2,40,"2018-07-23 12:11:00","2018-07-23 12:11:00",0
"2018-07-25","lBKSLGRcPoi0NDmGuSEUGA==",2,26,"2018-07-25 13:12:00","2018-07-25 12:06:00",10600
"2018-07-27","qmD3K2BQpASR0WVYJFNorw==",2,40,"2018-07-27 11:46:00","2018-07-27 11:28:00",1800
"2018-07-28","nip/t3oeaJFEHK8w9QNTLw==",2,32,"2018-07-28 11:11:00","2018-07-28 10:34:00",7700
"2018-08-01","Dqzwmv1S64gx3tM6K7ThOw==",2,48,"2018-08-01 11:16:00","2018-08-01 11:16:00",0
"2018-08-01","dzQGw3pmX9n+6Xd2ws6Ygg==",2,48,"2018-08-01 14:29:00","2018-08-01 14:28:00",100
"2018-08-02","4LPoUa7imqI5iEzdKKq9kw==",2,48,"2018-08-02 06:37:00","2018-08-02 06:36:00",100
"2018-08-02","W0K9ZmwOvX0hE7VDtlv6tA==",2,44,"2018-08-02 07:13:00","2018-08-02 06:55:00",5800
"2018-08-03","k9BO7L1l9NZfLxpXs0ZyHA==",2,48,"2018-08-03 18:45:00","2018-08-03 18:45:00",0
"2018-08-03","mmtU8Z2yOSHNN2CcUca2S6eKnSoEIo2O",2,48,"2018-08-03 10:40:00","2018-08-03 10:40:00",0
"2018-08-07","k5ezxaqOrc7181BYy8raKA==",2,42,"2018-08-07 16:08:00","2018-08-07 15:08:00",10000
"2018-08-07","muWBvyr+ydR8BDuMZKST8A==",2,40,"2018-08-07 11:59:00","2018-08-07 11:59:00",0
"2018-09-07","fuHY4dnm8BQtTaDVm+Cn0Q==",2,26,"2018-09-07 18:40:00","2018-09-07 18:10:00",3000
"2018-05-14","nBABV808/kbs5b3DFg7mZQ==",2,50,"2018-05-14 09:54:00","2018-05-14 09:54:00",0
"2018-09-14","IQiQgs3q3EUP+MHTWjEmQ0NFUdQDIutU",2,26,"2018-09-14 18:50:00","2018-09-14 17:31:00",11900
"2018-05-14","o695MMw4ans42mTJQaReUw==",2,48,"2018-05-14 11:30:00","2018-05-14 11:30:00",0
"2018-09-22","nip/t3oeaJFEHK8w9QNTLw==",2,26,"2018-09-22 14:07:00","2018-09-22 14:07:00",0
"2018-05-14","pi9y8YMdJvhoUbgf9v8gYw==",2,40,"2018-05-14 17:13:00","2018-05-14 16:02:00",11100
"2018-09-22","sCZERDAJUO6N5rjsLLTqJg==",2,40,"2018-09-22 15:26:00","2018-09-22 15:26:00",0
"2018-09-22","yE9V4l4RIXwOSMM/xtWuKA==",2,40,"2018-09-22 12:35:00","2018-09-22 12:35:00",0
"2018-09-26","BLxT6Mn15+0nl/iO9l/56A==",2,30,"2018-09-26 15:20:00","2018-09-26 14:33:00",8700
"2018-09-26","Nse7SyXnc2HuvdWDdvbkvw==",2,48,"2018-09-26 14:55:00","2018-09-26 14:54:00",100
"2018-09-26","zYk2iSwM3W4u7gPVQRvTew==",2,48,"2018-09-26 17:04:00","2018-09-26 17:04:00",0
"2018-09-27","6sIk7M8kMXzO990BLQiVoA==",2,26,"2018-09-27 14:22:00","2018-09-27 13:56:00",6600
"2018-10-01","5MIXSkSJokj+HTncgRcF/A==",2,52,"2018-10-01 10:47:00","2018-10-01 10:47:00",0
"2018-10-01","l3uwh4YKvdXFLXRR8X0t2A==",2,52,"2018-10-01 14:59:00","2018-10-01 14:58:00",100
"2018-10-01","TF/6i8LFis2pbOExjWmXZA==",2,50,"2018-10-01 11:13:00","2018-10-01 11:12:00",100
"2018-10-01","TF/6i8LFis3NtQ7gQ4347A==",2,50,"2018-10-01 10:21:00","2018-10-01 10:21:00",0
"2018-10-02","91icr0Xn+jnLaDNMjFPZAg==",2,50,"2018-10-02 17:43:00","2018-10-02 17:43:00",0
"2018-10-02","Atu6TaYz0uatP/dAK8EqGA==",2,26,"2018-10-02 14:58:00","2018-10-02 14:04:00",5400
"2018-10-02","BVjyUc6W4p8jI7AKqTwsZg==",2,52,"2018-10-02 13:45:00","2018-10-02 12:57:00",8800
"2018-10-02","jys55Oyrzseuy/kG3uJTSw==",2,50,"2018-10-02 10:53:00","2018-10-02 10:53:00",0
"2018-10-02","MDUA5+nOCday+c0xRAPqxg==",2,52,"2018-10-02 14:43:00","2018-10-02 14:16:00",2700
"2018-10-02","TF/6i8LFis0YBHN1pM46dA==",2,50,"2018-10-02 17:35:00","2018-10-02 16:37:00",9800
"2018-10-02","XHyD/oClRFQ42mTJQaReUw==",2,52,"2018-10-02 08:54:00","2018-10-02 08:50:00",400
"2018-10-02","xyW36xj3Rs6oECI5AKeMAQ==",2,52,"2018-10-02 14:12:00","2018-10-02 13:55:00",5700
"2018-10-02","ZVgKkqelTATXZR+s5zZ/nw==",2,26,"2018-10-02 11:14:00","2018-10-02 10:36:00",7800
"2018-10-03","2qbAbAoKGtzIS5I8FOoQSg==",2,52,"2018-10-03 15:29:00","2018-10-03 15:29:00",0
"2018-10-03","DVsu3io/QNJUZs7VAJ4Sew==",2,46,"2018-10-03 15:24:00","2018-10-03 15:24:00",0
"2018-10-03","TF/6i8LFis1L1S221kBOxA==",2,50,"2018-10-03 21:12:00","2018-10-03 21:12:00",0
"2018-10-03","TFDsBOCLlN5AzuF9PuyehA==",2,48,"2018-10-03 15:32:00","2018-10-03 15:32:00",0
"2018-05-15","k5ezxaqOrc7181BYy8raKA==",2,26,"2018-05-15 15:04:00","2018-05-15 14:50:00",5400
"2018-10-04","1FbyYeswOVUu7gPVQRvTew==",2,52,"2018-10-04 10:58:00","2018-10-04 09:55:00",10300
"2018-10-04","36SXZPOyFDfNv6MQoTBQeA==",2,52,"2018-10-04 15:39:00","2018-10-04 15:39:00",0
"2018-10-04","8IhQbwQuQVeuCj2VquVE1w==",2,50,"2018-10-04 09:50:00","2018-10-04 09:50:00",0
"2018-05-15","pU+l2RQv7BjO990BLQiVoA==",2,26,"2018-05-15 14:11:00","2018-05-15 13:57:00",5400
"2018-10-04","96t3zCCKDaJoUbgf9v8gYw==",2,54,"2018-10-04 09:45:00","2018-10-04 09:44:00",100
"2018-10-04","a/ZHJJA7dPks/7anq7SyHg==",2,52,"2018-10-04 16:52:00","2018-10-04 16:52:00",0
"2018-10-04","ARB3RVdEDmAWPMQvQXTzbQ==",2,44,"2018-10-04 09:18:00","2018-10-04 09:18:00",0
"2018-10-04","ARB3RVdEDmCryJ/4Gqv4sw==",2,50,"2018-10-04 10:34:00","2018-10-04 10:15:00",1900
"2018-10-04","ARB3RVdEDmCs+igvZW6Z7Q==",2,50,"2018-10-04 10:17:00","2018-10-04 09:07:00",11000
"2018-10-04","ARB3RVdEDmCUd6PoCwELJw==",2,52,"2018-10-04 09:32:00","2018-10-04 09:05:00",2700
"2018-10-04","ARB3RVdEDmCZHG8hIL5Mlg==",2,50,"2018-10-04 10:05:00","2018-10-04 09:15:00",9000
"2018-10-04","ARB3RVdEDmDY2J3KOxjZGw==",2,50,"2018-10-04 14:44:00","2018-10-04 14:39:00",500
"2018-10-04","b3cGcmCPaQIjI7AKqTwsZg==",2,52,"2018-10-04 16:26:00","2018-10-04 16:26:00",0
"2018-10-04","BVjyUc6W4p+SalLeJ6DGGg==",2,50,"2018-10-04 19:02:00","2018-10-04 18:48:00",5400
"2018-10-04","byR7qBL2ylDPDyKPeW9OIA==",2,54,"2018-10-04 16:12:00","2018-10-04 16:04:00",800
"2018-10-04","fvRj8mPWxn4A0oIzHaGkbw==",2,54,"2018-10-04 19:44:00","2018-10-04 18:39:00",10500
"2018-10-04","fvRj8mPWxn58Q57tVfgbmA==",2,54,"2018-10-04 11:00:00","2018-10-04 10:04:00",9600
"2018-10-04","fvRj8mPWxn5pA9dQkgrZrQ==",2,54,"2018-10-04 10:52:00","2018-10-04 10:40:00",1200
"2018-10-04","Gc8i8A8SkKeq0RDCt/IIRw==",2,52,"2018-10-04 11:33:00","2018-10-04 10:46:00",8700
"2018-10-04","jFg8MjQOFVuy+c0xRAPqxg==",2,54,"2018-10-04 14:16:00","2018-10-04 14:15:00",100
"2018-10-04","m6aooDg1zK2tP/dAK8EqGA==",2,52,"2018-10-04 15:40:00","2018-10-04 15:40:00",0
"2018-10-04","MemODejP5DNcK5xwhpUHtg==",2,44,"2018-10-04 10:38:00","2018-10-04 10:38:00",0
"2018-10-04","mpqHGvV/LzB8BDuMZKST8A==",2,54,"2018-10-04 18:50:00","2018-10-04 18:32:00",1800
"2018-10-04","mpqHGvV/LzBcJ+x3xVQLWQ==",2,52,"2018-10-04 10:53:00","2018-10-04 09:49:00",10400
"2018-10-04","My/VmevGF3krbBVc8INkCg==",2,50,"2018-10-04 10:25:00","2018-10-04 09:20:00",10500
"2018-10-04","nmQ2QNCTORk6PU9h8jWhcQ==",2,52,"2018-10-04 09:29:00","2018-10-04 09:29:00",0
"2018-10-04","q9Zxz8FvTVXs5b3DFg7mZQ==",2,52,"2018-10-04 22:06:00","2018-10-04 21:47:00",5900
"2018-10-04","qMZJ2PMyZYUn+XEpCWZxTg==",2,52,"2018-10-04 12:13:00","2018-10-04 11:39:00",7400
"2018-10-04","qMZJ2PMyZYVpA9dQkgrZrQ==",2,48,"2018-10-04 20:28:00","2018-10-04 19:19:00",10900
"2018-10-04","qMZJ2PMyZYWXtZYRytkRbQ==",2,50,"2018-10-04 14:53:00","2018-10-04 14:17:00",3600
"2018-10-04","scG8p6Q8J3aLAe+dEcRXlQ==",2,54,"2018-10-04 10:41:00","2018-10-04 09:47:00",9400
"2018-10-04","scG8p6Q8J3aSalLeJ6DGGg==",2,48,"2018-10-04 10:09:00","2018-10-04 09:14:00",9500
"2018-10-04","TF/6i8LFis084yt3ZOMSuw==",2,52,"2018-10-04 21:52:00","2018-10-04 20:53:00",9900
"2018-10-04","TF/6i8LFis3FLXRR8X0t2A==",2,50,"2018-10-04 09:55:00","2018-10-04 09:42:00",1300
"2018-10-04","TF/6i8LFis3x5PkbxGaY4Q==",2,53,"2018-10-04 16:18:00","2018-10-04 15:12:00",10600
"2018-10-04","VdO5cqWjoueLAe+dEcRXlQ==",2,52,"2018-10-04 15:30:00","2018-10-04 14:33:00",9700
"2018-10-04","vzFyLWauSNBsLd0sM4Fv6w==",2,50,"2018-10-04 10:41:00","2018-10-04 10:10:00",3100
"2018-10-04","xyW36xj3Rs4tHZUa6KQ1bA==",2,52,"2018-10-04 18:11:00","2018-10-04 17:37:00",7400
"2018-10-04","xyW36xj3Rs5PQ4+CRe+njQ==",2,47,"2018-10-04 14:44:00","2018-10-04 14:02:00",4200
"2018-10-04","xyW36xj3Rs5ZUuU1nvYMCw==",2,54,"2018-10-04 10:35:00","2018-10-04 09:58:00",7700
"2018-10-04","xyW36xj3Rs6dr7/ZcwOJyQ==",2,54,"2018-10-04 10:56:00","2018-10-04 09:51:00",10500
"2018-10-04","xyW36xj3Rs6pRMEKMWnrvA==",2,54,"2018-10-04 10:04:00","2018-10-04 09:04:00",10000
"2018-10-04","ZQO0LtnSun4p7fZC5g+gBg==",2,54,"2018-10-04 14:34:00","2018-10-04 14:28:00",600
"2018-10-05","fvRj8mPWxn46PU9h8jWhcQ==",2,52,"2018-10-05 23:33:00","2018-10-05 23:26:00",700
"2018-10-05","fvRj8mPWxn4nl/iO9l/56A==",2,50,"2018-10-05 10:10:00","2018-10-05 09:48:00",6200
"2018-10-05","fvRj8mPWxn5z5hTdUI+T3A==",2,50,"2018-10-05 09:55:00","2018-10-05 09:11:00",4400
"2018-10-05","My/VmevGF3mq0RDCt/IIRw==",2,52,"2018-10-05 23:36:00","2018-10-05 23:18:00",1800
"2018-10-05","TF/6i8LFis1aMWrcLpz4MQ==",2,50,"2018-10-05 09:35:00","2018-10-05 09:22:00",1300
"2018-10-05","TF/6i8LFis2t1oseZxh5HQ==",2,52,"2018-10-05 09:26:00","2018-10-05 09:09:00",1700
"2018-10-05","xyW36xj3Rs5XxOUHhqLEUg==",2,52,"2018-10-05 23:54:00","2018-10-05 23:37:00",1700
"2018-10-06","1eutn5CvXbwK0jYrt1N+tg==",2,52,"2018-10-06 10:14:00","2018-10-06 10:13:00",100
"2018-10-06","1MLb9idmRbkcGvpM1H3zTA==",2,52,"2018-10-06 02:01:00","2018-10-06 01:15:00",8600
"2018-10-06","Ar5989cn8i18BDuMZKST8A==",2,48,"2018-10-06 15:08:00","2018-10-06 15:08:00",0
"2018-10-06","ARB3RVdEDmBqiJX1AAzvgQ==",2,50,"2018-10-06 14:52:00","2018-10-06 14:06:00",4600
"2018-10-06","ARB3RVdEDmDbkjCDinEn+w==",2,50,"2018-10-06 07:26:00","2018-10-06 07:26:00",0
"2018-10-06","btFq7VxvpI+/0aA1B9PGxw==",2,52,"2018-10-06 15:25:00","2018-10-06 15:25:00",0
"2018-10-06","fvRj8mPWxn4n+XEpCWZxTg==",2,52,"2018-10-06 02:05:00","2018-10-06 02:02:00",300
"2018-10-06","I8y/t6vTUR7+6Xd2ws6Ygg==",2,52,"2018-10-06 15:26:00","2018-10-06 15:25:00",100
"2018-10-06","lhtllZzqmVYgks/Hc0IieA==",2,48,"2018-10-06 15:14:00","2018-10-06 15:12:00",200
"2018-10-06","LI30S2/QB169Bbsf1I0XbA==",2,52,"2018-10-06 13:51:00","2018-10-06 13:00:00",5100
"2018-10-06","mmtU8Z2yOSFPvT9KzKOw+rCzuDvg5VeQ",2,52,"2018-10-06 13:27:00","2018-10-06 13:27:00",0
"2018-10-06","mmtU8Z2yOSFTMCf25cRtLbCzuDvg5VeQ",2,44,"2018-10-06 11:23:00","2018-10-06 11:23:00",0
"2018-10-06","nip/t3oeaJFEHK8w9QNTLw==",2,44,"2018-10-06 13:40:00","2018-10-06 12:28:00",11200
"2018-10-06","ohOv3RsJM8gs/7anq7SyHg==",2,52,"2018-10-06 02:25:00","2018-10-06 01:28:00",9700
"2018-10-06","q9Zxz8FvTVUaFhQmp7NyNg==",2,52,"2018-10-06 02:38:00","2018-10-06 01:39:00",9900
"2018-10-06","q9Zxz8FvTVUn+XEpCWZxTg==",2,52,"2018-10-06 02:02:00","2018-10-06 01:12:00",9000
"2018-10-06","q9Zxz8FvTVXBr4mNCcgI9Q==",2,52,"2018-10-06 02:04:00","2018-10-06 01:40:00",6400
"2018-10-06","TF/6i8LFis1cK5xwhpUHtg==",2,52,"2018-10-06 07:16:00","2018-10-06 06:58:00",5800
"2018-10-06","TF/6i8LFis2R0WVYJFNorw==",2,52,"2018-10-06 00:37:00","2018-10-06 00:12:00",2500
"2018-10-06","TF/6i8LFis33nNr15rPXrQ==",2,52,"2018-10-06 13:49:00","2018-10-06 13:45:00",400
"2018-10-06","xyW36xj3Rs6rL/tOjc9HrQ==",2,50,"2018-10-06 14:21:00","2018-10-06 13:45:00",7600
"2018-10-06","xyW36xj3Rs6ryJ/4Gqv4sw==",2,48,"2018-10-06 13:41:00","2018-10-06 13:41:00",0
"2018-10-06","xyW36xj3Rs7vf64RIrg96g==",2,52,"2018-10-06 14:16:00","2018-10-06 14:03:00",1300
"2018-10-06","yVtNZihd+Ojs/1JjK8Bx+w==",2,52,"2018-10-06 10:16:00","2018-10-06 10:16:00",0
"2018-10-08","Znev/mmJjZeefLZg1e4QB+b5ksILhAW/",2,48,"2018-10-08 16:52:00","2018-10-08 16:51:00",100
"2018-10-09","mjks+CACMQKPYckh/aMeRw==",2,38,"2018-10-09 15:51:00","2018-10-09 14:52:00",9900
"2018-10-09","Tgts+zPxTTKpbOExjWmXZA==",2,46,"2018-10-09 21:54:00","2018-10-09 21:34:00",2000
"2018-10-10","/kFtz2m4J0bIS5I8FOoQSg==",2,44,"2018-10-10 13:00:00","2018-10-10 13:00:00",0
"2018-10-10","ueIqpASBBV4rbBVc8INkCg==",2,42,"2018-10-10 12:20:00","2018-10-10 12:19:00",100
"2018-10-10","YEmduDxvSjkNyVuUU4kunw==",2,40,"2018-10-10 12:54:00","2018-10-10 12:54:00",0
"2018-10-11","aq104m/j7ddoUbgf9v8gYw==",2,26,"2018-10-11 06:31:00","2018-10-11 06:28:00",300
"2018-10-11","Ht7x9OdxE1b181BYy8raKA==",2,34,"2018-10-11 06:44:00","2018-10-11 06:30:00",1400
"2018-10-11","vjQAeif5TA0jI7AKqTwsZg==",2,44,"2018-10-11 06:13:00","2018-10-11 06:13:00",0
"2018-10-16","+G820S6yIyVwks68tUlOug==",2,20,"2018-10-16 07:14:00","2018-10-16 07:09:00",500
"2018-10-18","mmtU8Z2yOSGzdCiqjkamRAbfpgeA9CH3",2,38,"2018-10-18 20:37:00","2018-10-18 20:37:00",0
"2018-10-25","4LPoUa7imqI5iEzdKKq9kw==",2,50,"2018-10-25 06:39:00","2018-10-25 06:37:00",200
"2018-10-26","HpoHvy3AowqwC9jLzcVxnUNFUdQDIutU",2,42,"2018-10-26 16:18:00","2018-10-26 16:14:00",400
"2018-10-26","J4JVxWqXy6X61R9sS5wsF+Miq6tdELRS",2,52,"2018-10-26 10:30:00","2018-10-26 10:30:00",0
"2018-10-26","mmtU8Z2yOSFnogWc9B0Zneb5ksILhAW/",2,48,"2018-10-26 16:39:00","2018-10-26 16:37:00",200
"2018-10-26","mmtU8Z2yOSGWgHtLXGzM+J0VmivYjW5f",2,42,"2018-10-26 14:30:00","2018-10-26 14:29:00",100
"2018-10-27","AeTS9glP3dx4QSkTuK5ckg==",2,48,"2018-10-27 14:31:00","2018-10-27 14:31:00",0
"2018-10-27","ARB3RVdEDmASOT0+8Zg5jQ==",2,52,"2018-10-27 10:13:00","2018-10-27 09:57:00",5600
"2018-10-27","dVmyXuOzKcT1tf3pwRuEgg==",2,48,"2018-10-27 20:17:00","2018-10-27 20:17:00",0
"2018-10-27","mmtU8Z2yOSEygxgN5GXvPwbfpgeA9CH3",2,40,"2018-10-27 12:46:00","2018-10-27 12:45:00",100
"2018-10-27","mmtU8Z2yOSHNXvsw2Erpj7Kj9qCBdR+6",2,38,"2018-10-27 11:10:00","2018-10-27 11:09:00",100
"2018-10-27","mmtU8Z2yOSHoklYKIznyerCzuDvg5VeQ",2,34,"2018-10-27 11:22:00","2018-10-27 11:21:00",100
"2018-10-27","RnX+eJGMm7/Jy8fmjxZH1qeKnSoEIo2O",2,52,"2018-10-27 12:42:00","2018-10-27 12:41:00",100
"2018-10-27","TF/6i8LFis0m+qV2wQnWEA==",2,48,"2018-10-27 21:59:00","2018-10-27 21:59:00",0
"2018-10-27","ugq7FWPyyLwyt1DsY4UrMA==",2,52,"2018-10-27 10:58:00","2018-10-27 10:55:00",300
"2018-10-27","UydintVZZBNJ0R/zXemSOw==",2,50,"2018-10-27 14:30:00","2018-10-27 14:30:00",0
"2018-10-27","xyW36xj3Rs4DJSTwoVSEYQ==",2,52,"2018-10-27 16:02:00","2018-10-27 15:30:00",7200
"2018-10-29","9lEGiqbMjQt9n6z/lgFzgQ==",2,52,"2018-10-29 09:48:00","2018-10-29 09:48:00",0
"2018-10-29","b3cGcmCPaQIjI7AKqTwsZg==",2,50,"2018-10-29 16:41:00","2018-10-29 16:20:00",2100
"2018-10-29","HmQ6wppJ3JB8BDuMZKST8A==",2,50,"2018-10-29 10:45:00","2018-10-29 10:45:00",0
"2018-10-29","iZihDS6tKOgnl/iO9l/56A==",2,52,"2018-10-29 11:10:00","2018-10-29 11:09:00",100
"2018-05-28","Ht7x9OdxE1b181BYy8raKA==",2,26,"2018-05-28 21:06:00","2018-05-28 21:00:00",600
"2018-10-29","xyW36xj3Rs7Nv6MQoTBQeA==",2,48,"2018-10-29 09:33:00","2018-10-29 09:32:00",100
"2018-10-30","mmtU8Z2yOSE+F/trZuTeqidZlDuGkOv2",2,50,"2018-10-30 13:25:00","2018-10-30 13:24:00",100
"2018-10-30","mmtU8Z2yOSF/L7wGwn4dw50VmivYjW5f",2,50,"2018-10-30 12:48:00","2018-10-30 12:47:00",100
"2018-10-30","mmtU8Z2yOSFFRDsjuklSuh06P02XDKYl",2,40,"2018-10-30 13:27:00","2018-10-30 13:26:00",100
"2018-10-30","mmtU8Z2yOSFn7bGX/bonXfN63YZUOLDd",2,48,"2018-10-30 10:29:00","2018-10-30 10:28:00",100
"2018-10-30","mmtU8Z2yOSFqCtWNd4R+LvN63YZUOLDd",2,50,"2018-10-30 13:35:00","2018-10-30 13:34:00",100
"2018-10-31","xlV4rEuHQNnSPRWgha0zDQ==",2,48,"2018-10-31 20:31:00","2018-10-31 20:30:00",100
"2018-11-02","7fgvfou7pYPO990BLQiVoA==",2,48,"2018-11-02 14:54:00","2018-11-02 14:52:00",200
"2018-11-02","d6TYPab6czthUwlD6n8Txg==",2,48,"2018-11-02 11:34:00","2018-11-02 11:34:00",0
"2018-11-02","TF/6i8LFis2ZadImhZQ7AA==",2,48,"2018-11-02 14:53:00","2018-11-02 14:53:00",0
"2018-11-02","Xp3QpQBNqmEeSLr7t0PNRQ==",2,44,"2018-11-02 21:57:00","2018-11-02 21:57:00",0
"2018-11-05","8c/OkK5pD1W/wfQV7CH+8w==",2,40,"2018-11-05 14:29:00","2018-11-05 14:26:00",300
"2018-11-05","bt1FzlI4qEibIkks/Dsr/A==",2,26,"2018-11-05 18:39:00","2018-11-05 18:37:00",200
"2018-11-08","HpoHvy3AowqwC9jLzcVxnUNFUdQDIutU",2,48,"2018-11-08 19:14:00","2018-11-08 19:13:00",100
"2018-11-10","4aTonq4gmQweBUgxNs2lhA==",2,26,"2018-11-10 22:10:00","2018-11-10 21:51:00",5900
"2018-11-10","bOMh2Gaax9+y+c0xRAPqxg==",2,48,"2018-11-10 10:40:00","2018-11-10 10:32:00",800
"2018-11-10","NcihLeFt2STgPHUnwr5O+Q==",2,48,"2018-11-10 11:53:00","2018-11-10 11:52:00",100
"2018-11-13","Ht7x9OdxE1b181BYy8raKA==",2,36,"2018-11-13 20:17:00","2018-11-13 19:40:00",7700
"2018-11-14","4G15gSXF3ctxcfNplUwwJidZlDuGkOv2",2,52,"2018-11-14 09:17:00","2018-11-14 09:16:00",100
"2018-11-14","mmtU8Z2yOSGiW7GZ1bNylaeKnSoEIo2O",2,50,"2018-11-14 16:29:00","2018-11-14 16:29:00",0
"2018-11-20","j713wWB44EBGhT8PgOQOoidZlDuGkOv2",2,56,"2018-11-20 15:21:00","2018-11-20 15:21:00",0
"2018-11-20","mmtU8Z2yOSENq4gUV8Y3/00vI8O8qqxZ",2,58,"2018-11-20 11:54:00","2018-11-20 11:54:00",0
"2018-11-20","mmtU8Z2yOSG923AFZzK2QidZlDuGkOv2",2,42,"2018-11-20 13:20:00","2018-11-20 13:20:00",0
"2018-11-20","mmtU8Z2yOSH30qSkNfqaRLKj9qCBdR+6",2,58,"2018-11-20 11:11:00","2018-11-20 11:11:00",0
"2018-05-30","4LPoUa7imqI5iEzdKKq9kw==",2,48,"2018-05-30 14:07:00","2018-05-30 13:57:00",5000
"2018-05-30","57zas/dyRDgjI7AKqTwsZg==",2,32,"2018-05-30 20:30:00","2018-05-30 20:16:00",1400
"2018-11-21","/8pMixcSk2ynDAJ71ldXdQ==",2,56,"2018-11-21 14:36:00","2018-11-21 14:34:00",200
"2018-11-21","18cxEyaI5dFBy4icC+7Ziw==",2,50,"2018-11-21 08:06:00","2018-11-21 07:58:00",4800
"2018-11-21","4jj5aKo2l4VugUejvdWumQ==",2,56,"2018-11-21 15:50:00","2018-11-21 15:49:00",100
"2018-11-21","5DGHwNOVOyDePWmkzgE5wQ==",2,56,"2018-11-21 15:41:00","2018-11-21 15:41:00",0
"2018-11-21","6srnqm0icV9wks68tUlOug==",2,58,"2018-11-21 15:23:00","2018-11-21 14:45:00",7800
"2018-11-21","aER0F+7bxGdfLxpXs0ZyHA==",2,58,"2018-11-21 08:16:00","2018-11-21 08:13:00",300
"2018-11-21","ARB3RVdEDmByhcsodKdaYg==",2,56,"2018-11-21 11:02:00","2018-11-21 10:52:00",5000
"2018-11-21","ARB3RVdEDmClmMCghI047Q==",2,56,"2018-11-21 11:07:00","2018-11-21 10:52:00",5500
"2018-11-21","ARB3RVdEDmD+K50/v9LvQA==",2,58,"2018-11-21 11:47:00","2018-11-21 10:57:00",9000
"2018-11-21","coP1lzWeWigQ4C1YFcn3qA==",2,56,"2018-11-21 09:14:00","2018-11-21 09:14:00",0
"2018-11-21","cQjbXsB25W+d0arbf9rGLg==",2,56,"2018-11-21 10:45:00","2018-11-21 10:23:00",2200
"2018-11-21","cWJ8TREtPfBoUbgf9v8gYw==",2,58,"2018-11-21 15:03:00","2018-11-21 15:03:00",0
"2018-11-21","d3QqY2wJWz+OJKLrr2bYLQ==",2,56,"2018-11-21 09:47:00","2018-11-21 09:47:00",0
"2018-11-21","f7ldhgaqS4CxJW77fYj9IQ==",2,58,"2018-11-21 15:32:00","2018-11-21 15:28:00",400
"2018-11-21","fvRj8mPWxn4K0jYrt1N+tg==",2,56,"2018-11-21 19:46:00","2018-11-21 19:45:00",100
"2018-11-21","fvRj8mPWxn5mNonOZtA81A==",2,52,"2018-11-21 11:20:00","2018-11-21 11:13:00",700
"2018-11-21","GJKa28awpO06PU9h8jWhcQ==",2,58,"2018-11-21 12:27:00","2018-11-21 11:42:00",8500
"2018-11-21","gr68rYgjcl7MEfVYDQf3BQ==",2,56,"2018-11-21 11:53:00","2018-11-21 11:52:00",100
"2018-11-21","jZfXh53uG4fafR6z6hf1ig==",2,56,"2018-11-21 15:04:00","2018-11-21 15:03:00",100
"2018-11-21","nXxkxTtmzv7NtQ7gQ4347A==",2,56,"2018-11-21 15:01:00","2018-11-21 15:01:00",0
"2018-11-21","PN9y/Pk6jzwrbBVc8INkCg==",2,52,"2018-11-21 15:13:00","2018-11-21 15:13:00",0
"2018-11-21","q9Zxz8FvTVUhE7VDtlv6tA==",2,56,"2018-11-21 11:19:00","2018-11-21 10:40:00",7900
"2018-11-21","q9Zxz8FvTVW1xethUW2NJA==",2,54,"2018-11-21 04:07:00","2018-11-21 04:07:00",0
"2018-11-21","q9Zxz8FvTVWazPBPw5FytA==",2,56,"2018-11-21 17:53:00","2018-11-21 16:47:00",10600
"2018-11-21","Rako9igjBetmNonOZtA81A==",2,56,"2018-11-21 09:32:00","2018-11-21 09:31:00",100
"2018-11-21","usuwfJE+BfJRXy0AgQuF4w==",2,58,"2018-11-21 15:08:00","2018-11-21 15:07:00",100
"2018-11-21","vCtL4U0h9VncDWYeuStYOA==",2,58,"2018-11-21 09:25:00","2018-11-21 09:25:00",0
"2018-11-21","vvMWA704uoesODyMkp3ahw==",2,56,"2018-11-21 18:11:00","2018-11-21 17:42:00",6900
"2018-11-21","vZFJ1Xa1M745iEzdKKq9kw==",2,58,"2018-11-21 14:40:00","2018-11-21 14:34:00",600
"2018-11-21","vzFyLWauSNArbBVc8INkCg==",2,58,"2018-11-21 11:19:00","2018-11-21 10:11:00",10800
"2018-11-21","XG7+cVHg+DILLFeJYVKPCA==",2,58,"2018-11-21 18:47:00","2018-11-21 18:47:00",0
"2018-11-21","xyW36xj3Rs6/djxsq7WGLQ==",2,56,"2018-11-21 11:28:00","2018-11-21 11:08:00",2000
"2018-11-21","xyW36xj3Rs74RMOnGwT4uA==",2,58,"2018-11-21 17:37:00","2018-11-21 16:44:00",9300
"2018-11-21","Z11UTDM9UllfLxpXs0ZyHA==",2,48,"2018-11-21 17:17:00","2018-11-21 17:17:00",0
"2018-11-21","z96uulOJ2Nk5iEzdKKq9kw==",2,56,"2018-11-21 22:35:00","2018-11-21 22:35:00",0
"2018-11-21","ZgvvJRhh7pFwks68tUlOug==",2,56,"2018-11-21 15:04:00","2018-11-21 15:01:00",300
"2018-11-21","zJv6HPsen7whdbnqj8QeFg==",2,58,"2018-11-21 07:32:00","2018-11-21 07:31:00",100
"2018-11-22","ARB3RVdEDmCb1EodcU6mvw==",2,52,"2018-11-22 10:41:00","2018-11-22 10:34:00",700
"2018-11-22","ARB3RVdEDmDWnFXCJ2RMLQ==",2,50,"2018-11-22 10:46:00","2018-11-22 10:41:00",500
"2018-11-22","Dqzwmv1S64gx3tM6K7ThOw==",2,56,"2018-11-22 11:15:00","2018-11-22 11:10:00",500
"2018-11-22","mmtU8Z2yOSE+f18nUepMjHwjFw56XePy",2,56,"2018-11-22 15:54:00","2018-11-22 15:54:00",0
"2018-11-22","mmtU8Z2yOSE0MqaPoPZf4CdZlDuGkOv2",2,56,"2018-11-22 16:48:00","2018-11-22 16:48:00",0
"2018-11-22","mV0Moe5FnKZUAnz80Pb9fg==",2,56,"2018-11-22 10:18:00","2018-11-22 10:18:00",0
"2018-11-23","+b6/rnfC1nGbIkks/Dsr/A==",2,56,"2018-11-23 14:57:00","2018-11-23 14:55:00",200
"2018-05-30","vDU8v5j8l0LBr4mNCcgI9Q==",2,48,"2018-05-30 12:17:00","2018-05-30 12:17:00",0
"2018-11-23","1aeCdwv4PNbNtQ7gQ4347A==",2,56,"2018-11-23 15:52:00","2018-11-23 15:48:00",400
"2018-11-23","8Uqf6whBufWHBMgxBph4VA==",2,56,"2018-11-23 10:00:00","2018-11-23 10:00:00",0
"2018-11-23","ARB3RVdEDmC/0aA1B9PGxw==",2,56,"2018-11-23 14:43:00","2018-11-23 14:41:00",200
"2018-11-23","ARB3RVdEDmCbAt89dzVShw==",2,54,"2018-11-23 17:28:00","2018-11-23 16:18:00",11000
"2018-11-23","CG/ic4Og8qy/wfQV7CH+8w==",2,56,"2018-11-23 09:53:00","2018-11-23 09:53:00",0
"2018-11-23","gentbaJTR8Fb9qSwGrqQuw==",2,56,"2018-11-23 15:01:00","2018-11-23 15:01:00",0
"2018-11-23","kAw4tYXgXPhoUbgf9v8gYw==",2,48,"2018-11-23 09:57:00","2018-11-23 09:57:00",0
"2018-11-23","LQ3gdLHt2yNdH7omDpA4uA==",2,56,"2018-11-23 10:10:00","2018-11-23 10:02:00",800
"2018-11-23","OOxS7KGDBnImAxuvdS9NVA==",2,56,"2018-11-23 16:28:00","2018-11-23 16:27:00",100
"2018-11-23","po6j9lSfgFvZ3hZcJoRgOfodJJIRxY5f",2,56,"2018-11-23 12:19:00","2018-11-23 12:16:00",300
"2018-11-23","SCXbu+jYwEONv22Yo5kMyh06P02XDKYl",2,56,"2018-11-23 12:55:00","2018-11-23 12:37:00",1800
"2018-11-23","TF/6i8LFis0x3tM6K7ThOw==",2,56,"2018-11-23 15:42:00","2018-11-23 15:05:00",3700
"2018-11-23","xyW36xj3Rs4mmcQPhdapOA==",2,56,"2018-11-23 15:39:00","2018-11-23 14:43:00",9600
"2018-11-23","yFLzsZba/h5PQ4+CRe+njQ==",2,54,"2018-11-23 10:24:00","2018-11-23 10:22:00",200
"2018-11-23","ZdYebcfVljUdM4Ma1slb3w==",2,56,"2018-11-23 10:01:00","2018-11-23 10:01:00",0
"2018-11-24","1Q1zz6EEeuVoUbgf9v8gYw==",2,26,"2018-11-24 21:43:00","2018-11-24 21:06:00",3700
"2018-11-24","vvMWA704uoe9Bbsf1I0XbA==",2,40,"2018-11-24 21:45:00","2018-11-24 21:45:00",0
"2018-11-26","0nwrg00TcAj+KhIWc9m3UfodJJIRxY5f",2,50,"2018-11-26 07:30:00","2018-11-26 07:29:00",100
"2018-11-27","57zas/dyRDgjI7AKqTwsZg==",2,26,"2018-11-27 01:46:00","2018-11-27 01:45:00",100
"2018-05-31","949ZMkbEmlSsODyMkp3ahw==",2,46,"2018-05-31 12:34:00","2018-05-31 12:34:00",0
"2018-11-28","pi9y8YMdJvhoUbgf9v8gYw==",2,26,"2018-11-28 17:33:00","2018-11-28 17:20:00",1300
"2018-11-28","q9Zxz8FvTVVZ+eqolmDUog==",2,50,"2018-11-28 19:21:00","2018-11-28 18:14:00",10700
"2018-11-28","Qn3d9WZiZklmNonOZtA81A==",2,44,"2018-11-28 13:33:00","2018-11-28 13:33:00",0
"2018-11-28","SwisyKrswQs9cTd9JnUsng==",2,48,"2018-11-28 13:57:00","2018-11-28 13:56:00",100
"2018-11-28","vvMWA704uofNtQ7gQ4347A==",2,50,"2018-11-28 18:39:00","2018-11-28 17:26:00",11300
"2018-11-28","zwgdIroIbNZDm/o4rbCdfg==",2,44,"2018-11-28 13:55:00","2018-11-28 13:50:00",500
"2018-11-29","7Ak2VUI2efSR0WVYJFNorw==",2,50,"2018-11-29 12:17:00","2018-11-29 12:17:00",0
"2018-11-29","91icr0Xn+jkSOT0+8Zg5jQ==",2,48,"2018-11-29 15:06:00","2018-11-29 14:27:00",7900
"2018-11-29","DOpjqmtgKN8eBUgxNs2lhA==",2,48,"2018-11-29 14:11:00","2018-11-29 14:11:00",0
"2018-11-29","FAjzHFmIvg1cXikMoaRVTw==",2,42,"2018-11-29 15:06:00","2018-11-29 15:06:00",0
